# parent_idx edge_idx node_idx node_state
0 -1 0 0.00000 0.00000 26.00000 1.00000 0.00000 0.00000 0.00000
0 0 1 -0.18436 0.09941 27.29089 0.99994 -0.00099 -0.00194 0.01054
0 1 2 -0.40427 0.19434 29.01579 0.99995 0.00043 -0.00721 0.00714
0 2 3 -0.51696 0.24024 30.04728 0.99988 -0.00431 -0.01380 -0.00539
0 3 4 -0.30212 0.18939 30.99720 0.99976 -0.00177 -0.00078 0.02176
0 4 5 -0.34799 -0.03411 32.69300 0.99994 0.00999 -0.00055 0.00381
0 5 6 -0.19449 0.13480 33.82236 0.99991 -0.00831 -0.00596 -0.00899
0 6 7 -0.13691 0.03206 35.18031 0.99998 0.00379 0.00564 0.00123
0 7 8 -0.13706 0.36452 36.98595 0.99993 -0.01122 -0.00378 0.00131
0 8 9 -0.15082 0.27126 38.42312 0.99995 -0.00873 0.00431 0.00189
0 9 10 -0.03368 0.46785 39.62351 0.99991 -0.00616 -0.00274 -0.01156
0 10 11 -0.04340 0.28367 40.98326 0.99993 0.00127 -0.00506 -0.01022
0 11 12 0.05071 0.13909 42.12639 0.99988 -0.01242 -0.00923 0.00026
0 12 13 -0.12407 -0.04205 43.40747 0.99994 0.00788 0.00365 -0.00624
0 13 14 0.10496 0.06935 44.49508 0.99990 0.00384 0.00830 -0.01086
0 14 15 0.03140 0.39526 45.63847 0.99976 -0.00643 -0.00133 0.02104
15 15 16 0.54278 -0.38909 55.43252 0.99865 -0.00096 0.00329 -0.05185
16 16 17 2.99340 -4.44328 57.12007 0.80734 -0.13116 0.46217 0.34263
16 17 18 1.07632 4.16113 58.69477 0.80046 0.56956 -0.10015 -0.15759
16 18 19 -1.75254 2.96223 66.13608 0.57537 0.60436 -0.46718 -0.29229
16 19 20 -2.36600 2.56234 70.13938 0.57247 0.59451 -0.44427 -0.34851
16 20 21 -0.39002 2.17458 73.32032 0.53929 0.51208 -0.40107 -0.53487
16 21 22 -2.27958 -0.46834 69.76296 -0.20271 0.70228 -0.17356 -0.65999
16 22 23 -2.23320 2.94872 58.28100 0.53178 0.71456 -0.34389 -0.29724
16 23 24 -1.26953 0.90078 76.92155 0.59797 0.26831 -0.41125 -0.63349
16 24 25 -0.50302 1.16255 77.32545 0.60260 0.30870 -0.43237 -0.59551
16 25 26 -2.50049 3.70374 65.78161 0.47187 0.73565 -0.47779 -0.08876
16 26 27 5.94521 -4.87522 56.12898 0.71816 -0.48712 -0.38414 0.31528
16 27 28 2.66920 2.01933 79.87799 0.58371 -0.10520 -0.65290 -0.47109
16 28 29 1.94103 -0.43762 84.31246 0.36368 -0.35669 -0.76205 -0.39974
16 29 30 -4.02694 3.33584 65.17813 0.47513 0.73160 -0.47758 0.10454
16 30 31 0.73256 -0.27565 85.90845 0.36254 -0.33757 -0.79718 -0.34513
16 31 32 -5.51193 -6.34031 66.59040 -0.10060 0.52541 -0.34216 -0.77250
16 32 33 -6.33048 -3.27464 78.62147 -0.08626 0.63213 0.25309 -0.72727
16 33 34 4.52169 -4.11259 61.45237 0.55472 -0.70157 -0.40154 0.19712
16 34 35 -5.18519 1.17324 90.78049 0.90270 0.30457 -0.21471 -0.21509
16 35 36 5.89378 5.09318 62.58590 0.85386 0.08053 -0.36320 0.36404
16 36 37 1.65928 -1.21185 53.94752 0.88871 0.27415 -0.36738 -0.00784
16 37 38 2.75643 -5.09706 64.81714 -0.14084 -0.24857 0.08200 0.95480
16 38 39 -5.09027 2.55803 74.63994 0.49394 0.73232 0.07785 -0.46225
16 39 40 -6.22085 -5.35437 93.56791 0.46272 0.83111 -0.30139 -0.06574
16 40 41 -2.83269 1.97196 55.61942 0.21962 0.16196 -0.59693 -0.75446
16 41 42 7.39985 3.15215 64.85280 0.79726 -0.06719 -0.57544 0.16951
16 42 43 3.09573 2.06283 60.17664 -0.25550 0.90443 0.29349 -0.17490
16 43 44 -9.72374 -8.28316 81.18771 -0.89041 0.26547 -0.30617 -0.20728
16 44 45 -2.46991 2.99957 55.04259 0.41344 0.11935 -0.43596 -0.79042
16 45 46 2.25073 -0.24818 53.14985 0.85311 0.36076 -0.36565 0.09138
16 46 47 -2.33200 3.12288 67.69437 0.63278 0.07863 0.29345 -0.71225
16 47 48 -1.75306 -9.86451 80.00118 -0.83565 -0.01199 0.36390 -0.41125
16 48 49 -8.49124 -8.53005 88.03243 0.06613 0.99182 -0.03646 -0.10290
16 49 50 4.25026 -6.01619 64.13193 -0.30071 -0.15155 -0.05870 0.93977
16 50 51 2.33930 -3.01857 56.49636 0.86192 -0.18520 0.05015 0.46935
16 51 52 -4.68444 -6.08555 65.56922 0.31064 0.46011 -0.22097 -0.80186
16 52 53 -0.76867 -0.69678 82.12910 0.40658 -0.01559 -0.78772 0.46255
16 53 54 -5.43686 -5.44626 90.53379 -0.47414 0.87474 -0.02184 0.09764
16 54 55 -4.55537 2.97432 86.74430 0.22183 0.12779 -0.56671 0.78314
16 55 56 -4.09047 1.53145 92.69965 0.87239 0.37027 0.03855 -0.31677
16 56 57 -2.07445 7.89369 82.01985 0.87353 0.10379 -0.35715 0.31405
16 57 58 1.04996 1.73125 88.02833 0.17183 -0.40561 -0.65034 -0.61888
16 58 59 4.38880 -7.26966 90.95533 0.33411 -0.17312 -0.85472 -0.35757
16 59 60 -5.06970 -4.86864 53.98812 0.09655 0.31027 -0.73815 -0.59122
16 60 61 6.51127 -4.85836 55.66241 0.40758 -0.50472 -0.41263 0.63943
16 61 62 -4.26941 8.28431 50.56097 0.53197 0.47625 -0.38028 -0.58786
16 62 63 -8.76247 5.37920 52.47757 0.74259 0.66484 0.07797 -0.02171
16 63 64 -8.54971 9.54131 79.82174 0.52568 -0.54835 0.52593 0.38258
16 64 65 -0.38851 3.14866 77.55953 0.72343 0.10512 -0.61939 -0.28627
16 65 66 -2.07680 4.65822 93.72336 0.73372 -0.15356 -0.08300 -0.65664
16 66 67 -3.72063 -9.65641 57.23612 -0.10776 -0.85221 -0.50155 0.10282
16 67 68 -7.23295 -2.19959 55.10691 -0.29879 -0.36698 -0.51224 -0.71670
16 68 69 1.03156 5.17456 96.86727 0.65199 -0.11112 -0.34469 -0.66615
16 69 70 -7.48776 -6.20512 53.84812 -0.31204 -0.45101 0.09139 -0.83119
16 70 71 1.78790 -5.91014 89.83556 -0.59036 0.07812 -0.78726 -0.15999
16 71 72 0.46202 -10.29327 88.71878 -0.41696 0.81595 -0.38490 -0.11057
16 72 73 -6.77902 -6.68842 62.79525 -0.35862 0.28046 0.30269 -0.83732
16 73 74 -8.11995 8.89919 79.64356 0.63277 -0.57822 0.45410 0.24303
16 74 75 -6.50981 -6.12722 53.00757 -0.24201 0.38185 0.68062 -0.57652
16 75 76 -10.25672 -4.67130 85.73288 0.43410 0.61072 0.34569 -0.56487
16 76 77 -1.56098 3.06235 66.73852 0.21820 0.86639 -0.32911 -0.30567
16 77 78 3.73017 5.63422 82.02911 0.11316 -0.25558 -0.08710 -0.95618
16 78 79 -7.69517 6.44731 55.43110 -0.11485 0.92008 0.30817 -0.21282
16 79 80 7.76279 7.74326 59.01000 0.42209 -0.35647 -0.10243 0.82721
16 80 81 -5.90228 -6.64525 52.76213 -0.31654 0.45123 0.64671 -0.52721
16 81 82 1.55497 0.79978 71.41421 -0.21844 0.79546 -0.51089 -0.24189
16 82 83 -8.75756 7.21805 75.31179 0.70231 -0.68310 0.16896 -0.10767
16 83 84 7.55894 2.74688 64.59129 0.79932 -0.09792 -0.35857 0.47215
16 84 85 2.69492 6.29995 81.90273 0.23376 -0.39442 -0.16437 -0.87337
16 85 86 -2.48654 -7.73681 59.34005 -0.71305 0.36242 -0.59700 -0.06171
16 86 87 -10.25187 1.82817 51.91726 0.06056 0.39908 -0.91264 0.06441
16 87 88 -5.96533 2.51633 67.77840 0.51764 0.48142 0.62910 -0.32330
588 88 89 -5.01984 -9.13583 46.47602 -0.84040 0.30488 -0.41895 -0.15891
16 89 90 1.93533 -5.33724 91.35160 -0.38185 -0.01999 -0.89212 0.24066
16 90 91 -2.89714 0.09417 75.61161 0.21479 0.72814 -0.52028 0.39113
16 91 92 -4.97434 7.90262 48.95132 0.52991 0.44706 -0.45490 -0.55892
16 92 93 5.65834 7.44916 70.14814 0.46927 0.68192 -0.52579 0.19573
16 93 94 4.75479 -5.95258 64.82311 -0.25492 -0.37932 -0.08657 0.88523
16 94 95 -3.91224 -8.50379 88.65825 -0.67778 0.20802 -0.12625 -0.69383
16 95 96 -8.46998 3.33992 71.35871 -0.16934 0.70677 -0.50872 -0.46153
16 96 97 -3.96873 -0.42531 92.54822 0.38943 0.82599 -0.19425 -0.35825
16 97 98 -2.63799 6.41560 67.38141 0.76124 -0.13423 -0.62480 0.11007
16 98 99 1.91311 -7.20130 69.16868 0.58484 0.00504 0.31474 0.74758
16 99 100 5.04529 -5.75820 96.35772 0.91721 0.01315 -0.33210 -0.21970
16 100 101 1.98368 4.04365 95.89766 0.55477 0.08787 -0.26075 -0.78519
16 101 102 4.90001 6.44948 84.75806 -0.28244 -0.13805 0.06445 -0.94711
16 102 103 4.73215 -5.25532 49.62579 0.67461 0.19797 -0.57456 -0.41903
16 103 104 3.53297 2.41695 66.91848 0.27581 0.77127 -0.16052 -0.55073
16 104 105 5.81097 4.81419 86.24862 0.23400 -0.54581 0.09469 -0.79898
16 105 106 0.02140 -0.62374 86.12858 0.61195 -0.55545 -0.27970 -0.48863
16 106 107 3.40269 9.56823 73.70454 0.68989 0.50666 -0.46609 0.22387
16 107 108 -6.68734 -0.98480 67.08407 -0.32553 0.07933 -0.01627 -0.94206
16 108 109 -6.17595 -0.37342 74.46914 0.78884 0.21903 0.12570 -0.56032
16 109 110 5.89024 -6.50539 49.43810 -0.43136 -0.01213 -0.63489 -0.64085
16 110 111 7.15630 5.76461 79.81402 -0.25995 0.00236 0.09469 -0.96096
16 111 112 -6.31512 -5.70653 96.25095 0.07933 0.77887 -0.27923 0.55597
16 112 113 -7.81860 -5.56909 63.30090 -0.27870 -0.30007 0.08328 -0.90849
16 113 114 -2.45245 6.84886 92.22085 0.85370 -0.35798 0.23005 -0.30021
16 114 115 -1.07826 -4.37047 73.56039 -0.07021 0.74066 -0.39060 0.54215
16 115 116 -7.35492 -4.97448 90.93564 -0.01229 0.83233 -0.13587 0.53723
16 116 117 1.53169 -0.91186 84.72060 -0.10463 0.11079 -0.66968 -0.72685
16 117 118 2.78334 7.90348 71.50690 -0.01300 0.99461 -0.01660 0.10151
16 118 119 4.51239 -6.53434 51.74495 0.58667 0.06529 -0.64255 -0.48855
16 119 120 0.16178 -4.66620 74.74740 -0.15854 0.81791 -0.12691 0.53831
16 120 121 1.53891 -8.35752 52.48543 0.40656 0.41424 -0.37404 0.72333
16 121 122 6.08665 8.42996 90.85497 0.61994 -0.55936 0.02951 -0.54947
16 122 123 -2.13687 -5.30621 64.72864 0.27051 0.10327 -0.92291 -0.25377
16 123 124 -1.13314 -5.84240 60.74255 -0.04619 0.97036 0.04155 -0.23356
16 124 125 1.55283 7.88390 80.58840 0.48355 -0.71867 0.49185 0.08815
16 125 126 7.06914 -7.51248 76.16421 -0.13501 0.92632 0.04780 0.34845
16 126 127 -5.06532 -6.09518 50.36033 -0.19865 0.08381 0.66097 -0.71877
16 127 128 -8.22891 2.20267 56.94329 0.56999 0.24900 -0.58030 -0.52570
16 128 129 -9.57951 -3.90054 46.64420 -0.57793 -0.55920 0.32302 -0.49895
16 129 130 -8.44114 9.26917 80.84885 0.54183 -0.18285 0.70621 0.41743
16 130 131 0.25130 6.29587 61.85012 0.05325 0.80594 0.51566 0.28588
16 131 132 -0.47393 -3.46588 56.96612 0.22423 0.07770 0.94659 0.21828
16 132 133 -7.39095 2.28219 64.37440 0.76941 0.38656 -0.44294 -0.24977
16 133 134 -4.26198 0.26541 59.77174 0.16729 0.89560 -0.14684 -0.38516
16 134 135 -8.04288 7.94856 43.20684 0.45026 0.78172 -0.28443 -0.32446
16 135 136 2.77261 1.42564 79.44411 0.73693 0.00620 -0.61582 -0.27866
16 136 137 7.07639 -7.80903 68.24298 -0.51999 -0.55393 0.54585 0.35329
16 137 138 5.47775 8.50323 91.38197 -0.25807 -0.82113 -0.10266 0.49861
16 138 139 0.71352 -3.02708 81.71800 0.33068 -0.26846 -0.38658 -0.81801
16 139 140 -8.38409 6.54599 57.97918 0.24200 0.14632 0.27669 -0.91841
16 140 141 7.52583 -7.00645 78.51837 -0.65082 0.67588 -0.33192 0.09720
16 141 142 -8.43153 4.16566 53.39107 0.84314 -0.04657 0.32255 -0.42769
16 142 143 6.46862 -3.06975 97.96887 0.61734 0.13874 -0.49418 -0.59618
16 143 144 1.88535 -8.06410 55.72298 0.12540 -0.72273 0.43500 0.52222
16 144 145 8.47185 7.81081 84.61694 0.26060 0.13044 0.91486 -0.27948
16 145 146 1.41277 2.67437 81.53685 0.68842 -0.71590 -0.08254 -0.08223
16 146 147 -9.69716 7.48408 79.21589 0.15128 -0.84972 -0.28977 -0.41366
16 147 148 7.29590 -5.87478 45.83526 -0.60383 -0.00471 -0.57031 -0.55688
16 148 149 6.45081 4.62578 61.92700 0.84043 0.20084 -0.32425 0.38497
16 149 150 6.16749 7.19037 92.08728 -0.44094 -0.78658 -0.34877 0.25537
16 150 151 -0.11988 7.97476 99.34813 0.31763 -0.76670 -0.14768 -0.53802
16 151 152 -0.40017 -0.96337 52.50884 0.34339 -0.92746 -0.14686 -0.01841
16 152 153 -10.31878 2.35642 95.71674 0.14169 0.49223 0.76328 -0.39374
16 153 154 6.04161 7.57498 53.02385 0.51218 0.11743 0.75304 0.39599
16 154 155 -9.03933 2.61488 69.63452 -0.09127 0.91597 -0.08354 0.38170
16 155 156 0.84441 -6.81894 88.35433 0.55202 0.00022 -0.77840 0.29893
16 156 157 0.73447 -2.59517 53.23758 0.80741 0.29746 -0.25834 0.43917
16 157 158 -6.83724 7.04431 66.10784 0.18158 0.07137 -0.79604 0.57294
16 158 159 -5.45725 -3.57517 94.88734 0.43556 0.20753 -0.77766 0.40307
16 159 160 8.77326 -6.71313 43.33428 -0.56471 -0.78764 -0.04195 -0.24282
16 160 161 2.29841 5.95699 56.45466 -0.30899 0.28039 -0.90126 -0.11675
16 161 162 -8.83139 5.57266 79.55486 0.01377 -0.74676 -0.63184 -0.20720
16 162 163 7.63002 -7.06051 79.36102 -0.73390 0.55987 -0.29173 0.25065
16 163 164 -2.42661 -0.71622 76.49161 -0.09780 0.91502 -0.10702 0.37647
16 164 165 -2.27742 2.19745 66.21251 -0.45752 0.70072 -0.54520 0.04918
16 165 166 1.90337 4.88179 95.48260 0.19059 -0.01170 -0.22354 -0.95581
16 166 167 8.21732 8.14648 58.57654 0.22525 -0.41515 0.07545 0.87819
16 167 168 -8.27846 -8.69975 90.79360 0.71366 0.11068 0.18690 -0.66597
16 168 169 -8.48845 -5.92146 74.56339 0.29219 0.73616 0.52074 -0.31862
16 169 170 -6.62151 9.24270 43.18621 -0.29368 0.58018 0.45638 -0.60733
16 170 171 2.69442 3.69602 88.70216 0.06529 0.33915 -0.59978 -0.72179
16 171 172 -8.83464 -9.15382 94.44594 0.79175 -0.13827 0.26506 -0.53268
16 172 173 -4.60484 -9.48027 56.86831 -0.05952 -0.90078 0.15929 -0.39959
16 173 174 -3.21304 -8.18624 47.10719 -0.68380 0.38453 -0.27581 0.55541
16 174 175 1.46954 2.09322 75.40579 -0.23578 0.27345 -0.92951 -0.07513
16 175 176 -1.80745 -10.05988 67.75565 -0.12281 0.81245 0.42745 0.37701
16 176 177 -5.08679 -0.21498 58.75836 -0.18741 0.68922 -0.42633 -0.55507
16 177 178 6.31015 4.26320 52.63474 0.09881 0.05128 0.83894 -0.53272
37 178 179 9.24837 -7.94746 41.23790 -0.46142 -0.46176 0.41598 -0.63311
16 179 180 -5.78014 -6.81999 97.83873 -0.42418 0.64032 0.39177 0.50653
16 180 181 3.15237 5.96580 78.11284 0.18669 -0.86346 -0.22839 -0.40918
16 181 182 0.52382 9.41301 77.62620 0.41274 -0.40810 -0.44335 -0.68304
16 182 183 -9.86371 -2.64580 86.63667 0.34961 -0.77431 0.25302 -0.46282
16 183 184 6.58587 -3.64651 72.15603 -0.31055 -0.52417 0.38606 0.69265
16 184 185 5.74994 -3.70685 62.13086 0.45410 -0.19606 -0.86268 0.10550
16 185 186 8.23715 -0.18689 75.77326 -0.70832 0.27132 0.52620 0.38442
16 186 187 -1.52506 2.21556 53.11695 0.59171 -0.06841 -0.75327 -0.27889
16 187 188 -0.45916 -8.19289 50.57721 0.00605 0.62442 -0.15504 0.76553
16 188 189 -3.00996 -6.39320 87.49936 -0.63645 0.22936 -0.36907 -0.63727
16 189 190 0.77653 6.52763 61.74189 -0.04680 0.87970 0.47318 0.00652
16 190 191 -3.10790 8.74669 98.30239 0.14883 -0.72483 -0.05819 -0.67013
16 191 192 3.35416 -3.64934 50.67421 0.16514 0.69962 -0.13550 -0.68184
16 192 193 5.39080 -0.24254 90.96205 -0.69484 -0.24339 -0.47445 -0.48255
16 193 194 -7.38024 -5.95123 97.44324 -0.73419 0.56400 0.34918 0.14469
16 194 195 8.00739 3.15052 54.84890 0.26439 0.47206 0.84017 -0.03706
16 195 196 -4.04597 8.45112 51.10431 0.53580 0.67537 -0.27063 -0.42843
16 196 197 -2.69043 -6.88377 86.83760 -0.58318 -0.04643 -0.58151 -0.56532
16 197 198 -6.06849 -0.92650 93.49548 0.19380 0.29904 -0.54287 0.76047
16 198 199 -5.69247 9.02948 40.59270 0.25826 0.74953 -0.22943 -0.56468
16 199 200 1.08603 4.49570 87.99946 -0.02254 0.18029 -0.45725 -0.87058
16 200 201 5.30008 -7.20143 97.64472 0.74581 -0.26350 0.56901 0.22484
16 201 202 -2.12336 -3.14053 62.08708 0.80916 -0.05440 -0.54808 -0.20472
16 202 203 -3.73799 -2.18376 59.20015 -0.52755 0.66189 0.05332 0.52986
16 203 204 -4.85467 -4.85192 65.37270 0.04887 -0.68724 0.50718 -0.51777
16 204 205 -5.44394 -10.10240 91.45449 0.46070 -0.75644 -0.19257 -0.42247
16 205 206 -9.04432 -5.74846 97.43936 -0.36137 0.26118 0.25899 -0.85681
16 206 207 4.03608 -1.35819 84.90253 0.79560 -0.51566 -0.11588 -0.29612
16 207 208 8.86680 7.04748 59.20117 0.85533 -0.29668 -0.27288 -0.32548
16 208 209 -6.04501 8.41735 62.38004 -0.46880 0.63063 -0.41495 -0.45864
16 209 210 10.13930 2.05060 56.83114 -0.32267 -0.02828 0.91005 -0.25864
16 210 211 6.27129 10.04805 55.63559 -0.21654 0.24120 0.93805 -0.12248
16 211 212 6.13951 2.77463 96.73984 0.88852 0.13060 -0.30949 -0.31255
15 212 213 3.73075 4.62786 95.95476 0.92261 -0.03251 0.19046 -0.33385
16 213 214 1.24306 -6.86072 88.39840 0.58947 0.40561 -0.69654 0.05319
16 214 215 1.10906 -7.44528 74.48296 0.10775 0.71797 -0.66913 0.15868
16 215 216 1.08080 4.26627 72.38553 -0.48232 -0.24958 -0.83596 0.07902
16 216 217 -4.00615 -7.22786 66.14524 0.68149 0.68263 -0.15210 -0.21553
16 217 218 5.59206 1.82394 98.24269 0.31336 0.39747 -0.86243 0.00603
16 218 219 -0.57507 -3.92336 56.49432 0.04351 0.22033 0.97383 0.03496
16 219 220 -3.46866 -2.01982 60.39090 0.41353 0.20333 0.63640 0.61858
16 220 221 -5.83854 -8.88783 95.72689 0.35925 0.88658 -0.02044 0.29069
16 221 222 -3.56078 -7.02515 62.68221 0.22681 -0.26000 0.11912 -0.93100
16 222 223 2.88943 -8.76802 54.84887 0.86600 0.03985 0.46067 0.19035
1124 223 224 -9.43603 2.00156 50.60262 0.03863 0.26927 -0.94332 0.19013
16 224 225 8.16380 -8.80863 80.91048 -0.64537 0.75054 0.05258 0.13200
16 225 226 -6.75608 -3.05228 79.14552 0.86180 0.50512 0.02258 -0.04059
16 226 227 -9.72915 -3.71025 84.65360 0.74298 -0.61407 -0.05232 -0.26109
16 227 228 8.86702 -6.00649 48.13503 -0.35552 -0.18321 -0.80168 -0.44424
16 228 229 -1.05004 -9.49753 90.06674 0.78603 0.01560 -0.60087 0.14447
16 229 230 8.91117 0.36372 85.87083 0.47651 -0.53652 0.64533 -0.26199
16 230 231 -6.95309 -6.57072 67.13410 0.12817 -0.12227 0.34146 -0.92305
16 231 232 -10.03824 -2.19887 66.06856 0.58442 0.79783 -0.06139 -0.13473
16 232 233 4.42837 4.91264 61.62468 0.10005 -0.40857 -0.80819 0.41218
16 233 234 5.37781 8.36174 90.46529 -0.13909 -0.77471 -0.18443 0.58861
16 234 235 8.27147 0.35236 97.41962 0.97714 0.16620 0.06358 0.11632
16 235 236 -4.36987 -8.89106 55.56230 -0.26799 -0.85445 0.27238 0.35199
16 236 237 -10.41430 -0.75899 99.07800 0.47313 0.50544 0.68540 -0.22561
16 237 238 6.44780 -3.17261 73.30817 0.21256 -0.27304 0.50799 0.78881
16 238 239 -9.37132 2.16409 53.72785 -0.20571 0.09636 -0.73181 0.64253
16 239 240 -9.89996 3.88019 94.03379 0.49002 0.05583 0.85475 -0.16175
16 240 241 6.50978 -4.11730 68.59689 -0.22561 -0.91604 0.32856 -0.04485
16 241 242 -3.39744 -0.05981 67.41407 -0.44342 0.39243 -0.52290 -0.61315
16 242 243 9.91675 -4.11910 61.71892 0.96539 -0.09886 0.22842 0.07794
16 243 244 -6.25198 -9.90263 62.23733 -0.38111 0.45286 0.35445 -0.72391
16 244 245 -4.68464 1.89000 62.30505 0.69710 0.20191 -0.34453 -0.59547
16 245 246 8.51127 -7.51685 47.78792 -0.10642 -0.68350 -0.65361 -0.30707
16 246 247 2.86848 5.38859 62.43025 -0.16607 0.42158 -0.10265 0.88552
16 247 248 -2.18525 -2.30794 83.91877 0.51486 0.50063 -0.68179 0.13946
16 248 249 -6.99932 8.36300 78.88597 0.31449 -0.78466 0.29475 0.44557
16 249 250 8.79334 -5.13613 74.05439 0.37145 0.04477 -0.64921 0.66223
16 250 251 6.60781 10.00037 52.79176 -0.60352 0.68480 0.40103 0.07732
16 251 252 -9.87580 -1.98352 85.77492 0.28825 0.00123 -0.56844 -0.77058
16 252 253 -10.17919 6.30740 96.67901 0.20620 0.19071 0.95736 0.06762
16 253 254 7.37854 3.23170 86.62665 0.35186 -0.46660 0.01021 -0.81140
16 254 255 -2.11112 -4.65831 98.13372 0.30924 0.80335 -0.39668 0.31881
16 255 256 3.16219 1.33790 74.60687 -0.53861 0.21784 -0.80072 -0.14590
16 256 257 1.48373 -8.23909 51.77710 0.40286 0.45787 -0.49370 0.61993
16 257 258 6.03677 -1.94777 97.48882 0.38529 -0.67487 -0.44710 -0.44295
16 258 259 2.92977 2.85862 70.72350 -0.86746 -0.20033 -0.45538 0.00188
16 259 260 -6.21458 -10.07962 75.29603 0.65628 0.41329 0.50930 -0.37296
16 260 261 1.98847 -1.12653 67.40820 -0.44927 0.36668 -0.78673 0.21155
16 261 262 0.30697 0.13120 62.73554 0.39848 0.57050 -0.29667 -0.65401
16 262 263 -8.32371 3.90044 62.06091 0.83399 -0.32505 -0.44566 -0.01409
16 263 264 -7.26274 7.34397 74.16114 0.53668 0.26911 -0.19188 -0.77636
16 264 265 -4.99109 -9.36996 95.65646 0.15493 0.30584 -0.73338 0.58704
16 265 266 -5.90035 3.87132 80.09450 0.80452 -0.51139 0.14805 -0.26327
16 266 267 -3.92355 -8.98145 95.88524 0.37213 0.01459 -0.42520 0.82493
16 267 268 -6.14101 5.51569 80.81854 0.39881 0.14999 0.89193 0.15138
16 268 269 -4.32344 -7.73790 62.15250 -0.36159 -0.68899 -0.11705 -0.61713
16 269 270 -8.26075 -4.51427 91.01617 -0.31687 0.52967 -0.32021 0.71868
16 270 271 -8.41388 4.48343 55.97259 -0.45467 0.69370 0.49837 0.25235
16 271 272 6.36476 -1.47364 68.20037 0.89965 -0.27083 0.10502 0.32597
16 272 273 1.77039 -1.51709 90.55294 -0.96783 0.00552 0.07600 -0.23979
16 273 274 6.79473 -7.23233 65.79866 -0.85813 -0.03322 0.39828 0.32232
16 274 275 -3.77987 7.28633 51.55019 0.79659 0.23728 0.22289 -0.50937
16 275 276 -8.61352 -7.91020 87.39268 0.39123 0.91839 -0.00033 -0.05916
16 276 277 0.60400 -8.40994 83.66807 0.49127 0.12335 -0.83138 -0.22857
16 277 278 -9.71630 7.27494 57.69944 0.51225 -0.32647 0.22755 -0.76108
16 278 279 5.02311 7.33000 61.73309 -0.17076 -0.26502 -0.87181 0.37491
16 279 280 5.57865 -4.94486 75.36942 0.35124 -0.18553 0.61106 0.68470
16 280 281 7.37051 -8.39179 70.35370 -0.31218 -0.78943 0.52252 0.07953
16 281 282 -4.91520 2.29839 73.10419 0.01463 0.60215 -0.76373 0.23219
1415 282 283 -1.00620 -6.24637 46.94038 -0.71637 0.28386 -0.20118 -0.60479
16 283 284 6.76969 -7.93414 97.00862 0.71364 -0.19203 0.55076 0.38794
16 284 285 3.80701 8.90561 89.15417 0.29291 0.44180 -0.51750 0.67172
16 285 286 0.76438 10.07134 70.38365 -0.23770 0.44486 -0.03644 -0.86271
16 286 287 -8.26645 -0.46377 84.69285 0.07044 -0.94806 0.07048 -0.30208
16 287 288 -7.72283 6.21434 70.82831 -0.15995 0.44853 -0.87895 -0.02606
16 288 289 0.82916 5.30863 75.83112 0.73256 0.63090 0.15091 0.20626
16 289 290 -3.53411 -0.18640 55.35720 0.12602 0.11891 -0.97314 -0.15156
16 290 291 -8.63166 -6.47926 63.35256 -0.54098 -0.01764 -0.28008 -0.79283
16 291 292 -3.52149 -8.23731 96.33257 0.51719 0.33252 -0.50476 0.60594
16 292 293 -3.24653 1.57760 95.59000 0.94294 0.16398 -0.10823 -0.26882
16 293 294 6.72702 9.03641 91.17993 -0.13416 -0.74492 0.22413 0.61389
16 294 295 -2.33256 -0.25855 80.93955 0.35545 0.83799 -0.30665 -0.27821
16 295 296 -7.90243 4.14919 87.73233 0.45640 -0.78798 0.19869 0.36236
16 296 297 -5.19451 2.49700 87.20190 -0.25857 -0.77012 0.06454 0.57957
16 297 298 3.05769 -3.45236 63.79675 0.72137 0.37373 -0.53819 0.22428
16 298 299 -1.08053 0.85369 79.60150 0.02768 0.63190 -0.75487 0.17348
16 299 300 5.31316 6.82595 64.31002 -0.13017 -0.40350 -0.89382 0.14607
16 300 301 7.35672 9.18822 91.06629 -0.22017 -0.61240 0.53809 0.53568
16 301 302 4.43153 -0.72340 51.94868 0.70531 0.25800 -0.61531 -0.23952
16 302 303 5.19318 9.16788 74.24878 0.71533 -0.18842 -0.62159 -0.25773
16 303 304 -7.25303 7.64610 84.71878 0.22726 -0.91787 0.21500 0.24421
16 304 305 -4.48847 -1.44418 96.31759 0.43328 -0.58930 -0.45072 0.51171
16 305 306 -3.86914 -9.53345 89.87832 -0.34420 0.18002 0.27570 -0.87927
16 306 307 5.38997 5.55841 62.65055 0.87503 -0.03954 -0.12916 0.46483
16 307 308 -4.58325 -4.34445 67.67459 -0.22282 -0.94039 -0.23174 -0.11094
16 308 309 2.96391 -7.29332 88.19416 0.05111 0.10079 -0.11580 0.98682
16 309 310 -5.27381 -0.11068 63.37550 0.29289 0.07645 -0.52256 -0.79706
16 310 311 7.84267 -7.60322 81.77224 -0.50644 0.76475 0.22491 -0.32877
16 311 312 5.57914 7.15572 64.89119 -0.26686 0.86579 -0.39601 -0.14957
16 312 313 6.98622 -9.41151 61.55041 -0.32276 -0.27945 -0.59614 0.67997
16 313 314 10.40062 -9.34279 50.81801 -0.71917 0.62613 -0.29701 -0.05047
16 314 315 -5.25296 8.70982 86.75178 0.13727 -0.69181 -0.19275 -0.68220
16 315 316 -1.90402 -1.86024 90.15688 0.32343 0.50343 -0.49653 0.62881
16 316 317 -9.39048 -4.66929 89.92036 -0.00619 0.26357 -0.50416 0.82238
16 317 318 -9.29805 2.77242 69.02057 -0.29479 0.92692 -0.07211 0.22073
16 318 319 8.12993 4.88271 61.70241 0.92826 0.12563 0.31246 -0.15784
16 319 320 -2.13973 -2.11479 96.26970 0.73099 -0.31252 0.06778 0.60281
16 320 321 1.86563 10.14791 74.60299 0.11400 0.56022 -0.71006 -0.41106
16 321 322 -4.31989 2.16675 93.30641 -0.08747 0.87040 -0.04626 -0.48230
16 322 323 1.34633 -5.68525 68.33654 0.59552 0.23280 0.72787 -0.24773
16 323 324 -6.07570 3.08315 73.89987 0.80041 -0.20077 -0.15085 -0.54431
16 324 325 -8.25113 -4.66181 45.37925 -0.69772 -0.58435 0.29174 -0.29430
16 325 326 -5.14191 -2.92948 68.15059 0.43987 -0.84670 0.21600 0.20725
16 326 327 -9.45555 -5.90889 57.48603 -0.74910 -0.33556 0.50855 -0.26004
16 327 328 -3.80000 -9.37819 50.14480 -0.88381 0.39681 -0.02733 0.24631
16 328 329 0.42350 -5.15011 69.54922 -0.09835 0.72231 0.66917 0.14423
16 329 330 -0.30959 10.07847 98.72259 0.54015 -0.37355 -0.23146 0.71773
16 330 331 3.12470 -3.33268 54.06048 0.96378 -0.12924 0.01081 0.23303
16 331 332 -1.49701 0.13372 64.14087 -0.76306 0.58598 0.22671 -0.15154
16 332 333 6.22570 -10.21654 44.38218 -0.24607 0.65235 0.19398 -0.69012
16 333 334 -6.77408 3.35977 73.77805 -0.01257 0.26168 -0.94935 0.17348
16 334 335 3.89839 -7.48922 58.58869 -0.11410 0.29611 0.57608 0.75328
16 335 336 4.62632 6.09231 81.81921 -0.05053 0.78570 -0.18775 -0.58726
16 336 337 5.63321 5.78774 67.43260 -0.10286 0.64542 -0.38022 -0.65444
16 337 338 -3.47828 -3.14481 58.08893 -0.64560 -0.29851 -0.57680 0.40174
16 338 339 9.76882 2.82889 73.14602 -0.16413 0.27622 0.94590 -0.04522
37 339 340 9.36200 -5.69192 38.71376 -0.19033 -0.54563 0.45905 -0.67478
16 340 341 -0.10069 7.62806 63.39566 -0.06197 0.87057 0.24335 0.42314
16 341 342 9.23518 -0.71118 84.45816 0.32456 -0.34582 0.86782 -0.14818
16 342 343 -5.81895 -9.91054 82.72736 -0.58276 -0.60790 -0.45390 0.29125
16 343 344 0.81469 -1.18166 85.10132 0.26349 0.59891 -0.18881 -0.73228
16 344 345 9.03998 4.34154 57.09058 0.31518 0.85006 0.40965 -0.10121
16 345 346 -1.76566 9.03109 74.80811 0.09602 -0.22981 -0.95199 -0.17799
16 346 347 -4.50195 -9.94064 75.40206 0.37016 0.20028 0.23018 -0.87743
16 347 348 -5.57496 -5.53759 61.03485 -0.38790 0.29151 0.77045 -0.41348
16 348 349 5.03156 -5.53312 45.03411 -0.74523 0.19768 -0.60642 0.19445
16 349 350 10.41492 -10.12828 66.75569 -0.24160 -0.52054 0.81862 -0.02296
16 350 351 -2.67453 -9.88603 73.72270 0.47357 0.68887 -0.54556 0.05954
16 351 352 7.70383 4.69891 74.57419 -0.03281 -0.17606 0.96572 -0.18791
16 352 353 7.83335 -10.09995 65.91897 -0.27944 -0.14911 0.62934 0.70966
16 353 354 9.82338 -0.86856 81.96714 0.56951 -0.80520 0.13771 -0.09139
16 354 355 -7.10215 10.09856 49.92689 0.28651 0.78244 -0.21191 -0.51068
16 355 356 -8.52036 6.63423 38.75636 -0.47991 0.51091 0.68438 -0.20070
16 356 357 -10.01402 -0.55222 84.84248 0.17571 0.13062 -0.59290 -0.77494
16 357 358 2.83847 -3.35165 54.26189 0.64110 0.02998 0.47069 0.60543
16 358 359 -6.77291 -0.39459 65.07045 0.69010 0.31276 -0.64755 0.08136
16 359 360 -1.47400 -4.73026 54.73991 -0.46383 0.73830 -0.07342 0.48414
16 360 361 -6.29833 -1.88811 82.43299 0.02522 -0.55235 0.81360 -0.17981
16 361 362 1.96189 8.84956 58.03265 0.34037 0.75115 -0.47489 0.30725
16 362 363 -7.11867 -8.01779 67.33683 0.48549 0.23317 0.61142 -0.57973
16 363 364 -5.90417 7.61560 68.23895 -0.50670 -0.19101 0.19767 0.81713
16 364 365 -1.78234 -2.08299 96.53102 0.63411 -0.29058 0.32526 0.63849
16 365 366 1.37903 -8.30792 62.56272 -0.25082 0.67517 0.68894 -0.08128
16 366 367 7.46408 3.09046 96.14204 0.65673 0.11836 0.09073 -0.73923
16 367 368 -3.73209 7.36827 76.39357 0.37151 -0.35871 0.73063 0.44664
16 368 369 9.66776 7.51133 91.45815 -0.33615 -0.79521 -0.50438 0.01539
16 369 370 3.99945 4.29573 61.57948 0.68209 -0.12525 0.34241 0.63389
16 370 371 -4.30262 -0.16283 94.08030 -0.30296 0.37923 -0.63640 0.59950
16 371 372 -0.37106 -2.69323 81.25243 0.53715 0.09437 0.27151 -0.79300
16 372 373 7.74190 -2.06463 94.96609 0.17194 0.27365 0.03384 -0.94573
16 373 374 -9.36319 6.50684 55.31671 -0.37526 0.16065 0.56651 -0.71585
16 374 375 -3.24549 5.56418 63.09759 0.11314 0.73179 0.59002 -0.32179
16 375 376 7.57702 -9.16662 48.17774 -0.64576 -0.42892 -0.57874 0.25314
16 376 377 8.18473 -0.58311 77.86534 -0.37643 0.51835 0.48509 -0.59524
16 377 378 5.26386 -6.05283 57.87856 -0.15649 0.68264 -0.61382 0.36433
16 378 379 -8.88141 10.34271 80.17564 -0.22660 -0.60898 0.75986 0.02045
16 379 380 7.26329 -8.05596 97.40359 0.61209 -0.35729 0.62153 0.33375
16 380 381 -3.12298 -5.43655 85.45771 -0.35095 0.30217 -0.88267 0.08010
16 381 382 7.05334 7.99528 65.53427 -0.51374 0.80759 -0.28725 -0.03680
16 382 383 -3.16461 -2.07929 72.72439 -0.33938 0.88288 0.18241 -0.26846
16 383 384 -7.02647 1.80474 94.28000 -0.10273 -0.28160 -0.57320 0.76262
16 384 385 6.72730 5.49562 84.50613 0.57763 0.24677 -0.46820 -0.62147
16 385 386 -1.96897 -2.12229 77.64700 0.60977 0.63722 0.45154 -0.13503
16 386 387 2.49107 -8.63785 84.18310 0.59971 0.03384 -0.76130 -0.24418
16 387 388 5.82478 -3.30661 93.83520 0.08410 -0.08488 0.80120 -0.58634
16 388 389 -1.58670 -8.92242 59.53949 -0.76279 0.08059 -0.38941 -0.50992
16 389 390 -4.99140 -0.26002 74.34509 0.83305 0.16287 0.29560 -0.43831
16 390 391 4.67095 -7.05529 49.15911 -0.24027 -0.11857 -0.78727 -0.55536
16 391 392 -6.59310 -10.36433 99.80171 -0.54171 0.39958 0.59952 0.43296
16 392 393 7.07696 -8.01070 72.87228 -0.42571 -0.36192 0.77307 0.30025
16 393 394 3.59944 -5.30195 59.38994 0.22302 -0.44890 -0.17867 0.84666
16 394 395 -8.90536 -6.94886 98.18411 -0.36925 0.53947 0.66881 0.35401
16 395 396 -7.91503 -7.57809 93.95521 0.69315 0.39031 0.36444 -0.48413
16 396 397 -6.36883 4.80951 81.21647 0.44610 0.27000 0.84376 0.12718
16 397 398 7.55220 4.70118 74.03793 -0.36744 0.15830 0.91511 -0.05002
16 398 399 6.61740 5.99733 54.15961 -0.24973 -0.25771 0.68713 0.63172
16 399 400 -10.14429 -6.82487 64.26626 -0.43669 0.66264 -0.59881 0.10784
16 400 401 -8.28062 -3.96419 57.83039 -0.52345 0.25652 0.77558 -0.24222
16 401 402 4.32616 -8.62709 61.36694 0.28381 0.82466 -0.26618 0.41053
16 402 403 5.33237 9.06843 73.87191 0.77563 0.16116 0.04917 -0.60828
16 403 404 -2.29011 -8.90563 59.02334 -0.72450 0.37973 -0.57504 0.01513
16 404 405 4.40693 7.36877 73.84282 0.25310 -0.23549 -0.63960 0.68659
16 405 406 9.47437 4.23842 93.98564 -0.46866 0.38227 0.65754 -0.44930
16 406 407 -5.00022 -7.39591 57.30938 0.42187 -0.54854 0.06754 0.71873
16 407 408 -0.10440 -1.61439 89.41469 -0.59399 -0.04917 0.62961 0.49834
16 408 409 -6.23750 -6.95072 57.30599 0.39140 -0.79685 0.44865 -0.10271
16 409 410 -7.89125 -8.34002 56.74281 0.37126 -0.81863 0.43762 -0.02230
16 410 411 9.38097 -6.05323 78.11710 -0.71597 -0.55152 -0.25668 0.34254
16 411 412 1.70816 -8.66418 63.85100 -0.38430 0.47428 0.76950 -0.18774
16 412 413 -6.40421 5.13043 80.67253 0.36075 -0.49652 0.64021 0.46202
16 413 414 -1.34070 -6.97949 82.55835 -0.06876 0.17148 -0.93718 0.29591
16 414 415 -2.30286 9.36046 40.73179 -0.02306 0.66805 -0.39951 -0.62735
1339 415 416 -5.18717 7.03705 35.43508 -0.13202 0.35714 0.43404 -0.81647
16 416 417 5.00551 -6.89766 85.91453 -0.47076 0.45918 -0.34700 0.66868
16 417 418 -8.64032 9.64409 97.73334 -0.76401 0.61012 0.09869 0.18521
16 418 419 4.26544 2.80877 94.56708 0.31618 -0.79633 0.12585 -0.50005
16 419 420 9.98059 -3.02633 59.95639 0.55806 -0.58977 -0.39181 0.43270
16 420 421 0.90425 8.65221 55.15922 -0.72925 0.08227 -0.66189 -0.15276
16 421 422 7.73423 -6.39636 68.53429 -0.44937 -0.51681 0.01278 -0.72857
16 422 423 8.85766 -3.51675 89.20515 -0.24295 -0.83613 0.34425 0.35122
16 423 424 -5.87219 -8.91413 83.24534 -0.70440 -0.66281 -0.22304 0.12148
16 424 425 8.05339 -3.16300 88.24992 -0.81138 -0.41126 -0.26898 0.31651
16 425 426 1.48038 9.39919 38.81767 0.03940 0.72954 -0.27594 -0.62456
16 426 427 -5.02911 3.93514 45.64769 -0.51719 0.23846 0.78861 -0.23185
16 427 428 -2.77304 5.79705 92.43429 -0.23895 0.04263 0.77072 -0.58914
16 428 429 -4.49199 -0.89124 77.04304 0.81661 0.51601 0.22184 -0.13292
16 429 430 4.69348 -6.86102 93.29196 0.40007 -0.15939 -0.09996 -0.89696
16 430 431 8.59679 5.33258 94.64077 -0.72839 0.51304 -0.00428 -0.45411
16 431 432 -4.64847 1.61053 55.83750 -0.08902 0.92353 0.04759 -0.37001
16 432 433 8.30370 -1.67501 69.27076 0.63828 -0.50079 0.46327 0.35663
16 433 434 -7.59750 4.05645 49.98180 0.15612 -0.02116 -0.44398 0.88208
16 434 435 3.91879 -0.17437 81.48965 0.45149 -0.79131 -0.19700 -0.36218
16 435 436 1.41979 5.91668 82.00380 0.40949 -0.31518 -0.24070 -0.82161
16 436 437 1.09434 3.69335 86.28757 0.80921 0.32347 -0.45175 -0.19097
16 437 438 8.74763 -0.99761 67.17335 0.40430 -0.23804 0.46696 -0.74955
16 438 439 9.51243 -6.78730 64.68656 -0.53171 0.39031 0.44476 -0.60591
16 439 440 10.42290 0.18591 52.59763 0.07464 0.34105 0.93330 -0.08401
16 440 441 -3.06266 1.59380 65.67444 -0.62546 -0.31305 -0.63520 -0.32760
16 441 442 6.78363 -7.63767 56.47986 -0.32800 -0.80598 -0.32067 0.37414
16 442 443 -6.36330 9.77648 43.99222 -0.59043 0.50960 0.34937 -0.51927
16 443 444 -10.09343 7.93717 57.16005 -0.22604 -0.77974 -0.13573 -0.56787
16 444 445 3.37513 -7.09013 88.62712 0.24908 0.25307 -0.08283 0.93116
16 445 446 4.87867 3.96044 84.26107 -0.52631 -0.12128 -0.02779 -0.84114
16 446 447 2.38568 7.84576 89.71232 0.76411 0.42589 -0.35081 0.33419
16 447 448 -8.45612 -5.25357 72.55145 -0.08281 -0.25682 0.81675 -0.51001
16 448 449 4.43485 -2.06433 54.18832 0.21756 0.30263 0.26870 0.88819
16 449 450 -0.62375 -3.93713 57.08498 0.63035 0.10048 0.62975 0.44269
16 450 451 -2.60763 10.13790 83.38743 0.40050 -0.39438 -0.47960 -0.67383
16 451 452 4.01372 -2.25092 50.31428 0.37703 -0.23100 -0.75004 -0.49186
16 452 453 -6.22143 -3.75057 70.47720 0.02110 0.06169 0.24111 -0.96831
16 453 454 7.92185 -5.82412 50.15208 -0.45551 0.69685 0.21736 -0.50957
16 454 455 4.05841 -4.55994 55.77508 0.45306 -0.09937 0.73023 -0.50163
16 455 456 -7.70858 2.91656 76.09031 0.11241 0.16555 -0.97049 0.13454
16 456 457 -0.09627 -4.39361 90.62080 0.11189 -0.23918 -0.96163 0.07438
16 457 458 -2.24724 2.44805 69.22476 0.39566 0.35028 -0.84896 -0.00576
16 458 459 2.78457 10.06412 83.40608 0.21986 0.09040 -0.76283 -0.60131
16 459 460 9.44591 -5.78396 89.04378 0.01711 -0.86475 0.24657 0.43717
16 460 461 -7.43225 2.12853 77.91839 -0.09800 -0.49664 -0.82003 0.26701
16 461 462 10.25629 -4.43717 79.83679 -0.89430 0.21452 -0.38826 -0.05888
16 462 463 -8.09482 -5.16439 54.09145 0.44921 -0.31157 0.82524 -0.14181
16 463 464 8.35026 -3.73720 99.10262 0.22635 0.09396 0.09308 -0.96503
16 464 465 9.86151 -3.54379 60.55742 0.35462 -0.80101 -0.34777 0.33419
16 465 466 0.18146 0.02575 57.16686 0.59992 -0.65272 0.10213 -0.45125
16 466 467 -2.80838 4.83408 87.51658 0.86418 0.01366 -0.46525 -0.19119
16 467 468 8.35564 -8.80178 90.92876 0.31385 -0.07965 -0.92942 -0.17703
37 468 469 8.65047 -6.15022 36.00398 -0.16190 -0.56918 0.42609 -0.68431
16 469 470 3.44355 -6.17395 83.32545 -0.09312 0.76032 0.12034 0.63148
16 470 471 -5.67084 5.71452 79.63139 -0.07142 -0.77747 0.16626 0.60233
16 471 472 -2.31747 6.29572 72.28754 0.06672 -0.75167 0.59338 0.28008
16 472 473 7.09118 -2.11642 39.70396 0.14434 -0.75747 -0.05505 -0.63433
16 473 474 -10.11418 -2.73209 56.24479 -0.24795 0.37908 -0.25023 -0.85569
16 474 475 -1.46067 -1.82824 68.33789 -0.26123 0.87703 -0.39611 -0.07531
16 475 476 9.01226 0.06785 65.42038 0.47815 -0.83375 0.18879 -0.20147
16 476 477 3.69684 -2.90436 58.89349 -0.02222 -0.24954 -0.04465 0.96708
16 477 478 -4.50848 8.42236 99.24538 -0.22484 -0.96520 0.08882 -0.09973
16 478 479 -8.33120 3.56940 78.30634 -0.04337 -0.85607 -0.18062 -0.48233
16 479 480 -2.19885 1.85138 55.15127 -0.34959 0.25744 -0.08131 -0.89716
16 480 481 10.03740 9.32130 95.64895 -0.16741 -0.96011 -0.08747 -0.20619
16 481 482 4.51125 5.81112 79.16587 0.67950 -0.66528 -0.24889 -0.18367
37 482 483 8.60342 -6.56200 34.98745 -0.22363 -0.62827 0.37260 -0.64532
16 483 484 8.05890 -8.70946 96.63819 0.17077 0.13561 0.96703 -0.13152
16 484 485 1.81259 -5.48261 68.10883 0.31449 0.27858 0.84706 -0.32554
16 485 486 -7.34260 -6.03395 79.61752 0.53703 0.41252 -0.53396 0.50628
16 486 487 -0.53665 7.50861 47.70587 -0.40119 -0.34913 -0.56595 -0.62996
16 487 488 -1.19098 -1.49210 76.70926 0.21994 0.22220 0.24113 -0.91876
16 488 489 -9.63531 8.35899 83.91738 0.08264 0.27764 0.82654 0.48262
16 489 490 6.71665 -4.33617 93.64037 0.60354 -0.19913 0.66296 -0.39569
16 490 491 2.66963 -1.43979 74.58977 -0.44827 -0.24548 -0.39668 -0.76252
16 491 492 -9.64166 -8.42565 74.26437 0.20523 0.66565 0.26037 -0.66858
16 492 493 6.03671 -1.25194 63.55919 0.20361 -0.11946 -0.38371 -0.89277
16 493 494 -4.98100 0.88070 72.28331 0.02415 0.43252 -0.85599 0.28219
16 494 495 -9.81542 -2.05433 67.16945 -0.35092 0.14437 0.06425 -0.92298
16 495 496 6.32063 4.43012 82.97335 0.06254 0.32988 0.57804 -0.74373
16 496 497 9.50266 -0.04064 64.78606 0.52002 -0.73985 0.37213 0.20908
16 497 498 1.21728 -8.08437 91.35327 0.44920 0.53256 -0.12283 0.70676
16 498 499 6.52896 -0.38133 86.94695 0.35994 -0.83323 0.40335 -0.11608
16 499 500 5.06578 -5.81546 68.15748 -0.78800 -0.19387 0.35946 -0.46072
16 500 501 1.07943 -7.63902 80.92244 0.49504 -0.57473 -0.50439 -0.41256
16 501 502 -8.82935 2.29119 60.15463 -0.07448 0.04296 -0.49952 0.86202
16 502 503 0.77168 7.86314 47.02648 -0.46775 -0.32647 -0.55570 -0.60484
16 503 504 3.96763 7.21297 42.66574 -0.53316 -0.32369 -0.63246 -0.45930
16 504 505 -2.59913 2.32188 69.31831 0.07869 0.75465 0.00930 -0.65133
16 505 506 -2.54999 8.54102 60.62207 -0.48983 0.45241 0.67169 -0.32284
16 506 507 4.40594 -8.53940 86.89633 -0.32802 0.55728 0.71432 0.26756
16 507 508 -8.35440 9.78644 70.37862 0.17687 0.48749 -0.85441 -0.03248
473 508 509 7.46299 -2.16052 39.51192 -0.07508 -0.61026 -0.01554 -0.78848
16 509 510 -4.08502 7.23572 92.59403 0.71169 -0.59403 0.02879 -0.37390
16 510 511 -5.26999 -8.18851 56.06298 0.34017 -0.65126 -0.11978 -0.66768
16 511 512 5.02992 2.50004 58.20568 -0.52840 0.77406 0.26878 0.22222
16 512 513 2.32557 -1.54828 89.97614 -0.93722 -0.06608 0.13361 -0.31528
16 513 514 4.22874 2.68544 71.76122 -0.84138 -0.44476 -0.27983 0.12634
16 514 515 -8.24966 -9.19045 56.24465 0.09030 -0.25088 0.09987 0.95861
16 515 516 -6.43676 -9.15411 62.44251 -0.53529 -0.32734 0.61252 -0.48076
16 516 517 -8.06720 -3.63626 82.42101 0.77103 0.01556 0.61327 0.17079
16 517 518 5.89469 1.00988 97.79367 0.51002 0.62480 -0.14399 0.57338
16 518 519 -3.55798 5.66672 50.51889 0.79550 0.23775 -0.42269 -0.36331
16 519 520 -9.14110 6.78396 97.30858 -0.04237 0.64168 0.75544 -0.12558
16 520 521 -6.32015 -4.22847 69.52465 0.54497 -0.60374 0.54960 0.19093
16 521 522 2.39518 2.20200 51.43602 0.95407 -0.07751 -0.26688 0.11192
16 522 523 -9.53220 6.30684 68.24585 0.04814 -0.16167 -0.77008 -0.61524
1102 523 524 -8.64659 -4.04013 39.64844 -0.57442 -0.21340 -0.68522 -0.39366
16 524 525 3.00070 -0.41123 95.52460 0.22333 -0.17317 -0.15859 -0.94604
16 525 526 7.66189 7.29431 90.21947 0.92473 -0.26885 -0.12324 -0.23960
723 526 527 7.22679 -5.02122 35.49128 0.18129 -0.11373 0.78466 -0.58181
16 527 528 -9.69888 5.56938 79.82386 -0.08702 -0.81397 -0.36563 -0.44294
16 528 529 6.03407 -7.08393 51.95387 0.22921 -0.05384 -0.97042 -0.05341
16 529 530 -6.43882 -9.69220 69.44736 0.49034 0.00115 0.87082 0.03516
16 530 531 1.47035 3.87933 70.17308 -0.35116 0.57255 -0.73147 0.11755
16 531 532 7.18024 3.73637 61.52453 0.65394 -0.58721 -0.46972 0.08314
16 532 533 3.31477 -8.29006 72.72466 -0.16903 0.19081 0.61920 0.74271
16 533 534 1.07740 9.02990 92.97613 0.95606 0.06121 -0.16761 -0.23261
16 534 535 7.94244 -8.72346 91.78668 0.28094 0.23679 -0.89200 -0.26331
16 535 536 8.46145 7.31882 52.97459 0.33991 -0.36951 0.83185 0.23655
16 536 537 -7.44799 -4.53674 92.95260 0.78118 0.57202 -0.16974 -0.18367
16 537 538 5.60008 -8.81636 47.34424 -0.41973 0.30677 0.30037 -0.79969
16 538 539 -9.75955 9.92223 48.13541 -0.09960 0.07214 0.45228 -0.88336
16 539 540 0.77248 4.77767 61.78001 -0.51143 -0.04271 0.78854 0.33886
16 540 541 4.21126 6.54129 43.52347 -0.18372 -0.16946 -0.87358 -0.41761
16 541 542 1.82904 3.45130 72.48932 0.69469 0.11041 -0.39849 0.58857
16 542 543 0.80525 5.87371 63.66765 -0.96766 -0.12235 -0.10740 0.19267
16 543 544 8.96147 9.49787 60.43597 0.09920 -0.35178 0.84650 0.38709
16 544 545 0.49179 0.89456 50.83833 -0.25558 -0.83183 0.33941 -0.35712
16 545 546 0.97158 -5.68343 92.74530 -0.62659 -0.40114 -0.60464 0.28440
16 546 547 -9.91148 3.36407 80.46783 -0.52081 -0.84376 -0.11395 -0.06195
16 547 548 -9.37070 -5.33240 90.31214 0.08191 0.38785 -0.58125 0.71065
16 548 549 -6.45620 1.34471 86.78303 0.18139 0.08022 -0.63522 0.74643
16 549 550 -9.54233 2.57063 96.56067 0.18840 0.51536 0.69369 -0.46659
16 550 551 -7.27777 -6.92300 52.45711 -0.13715 0.41133 0.79714 -0.42019
16 551 552 2.64369 3.85976 88.09513 0.75251 0.65365 -0.01473 0.07901
522 552 553 2.33441 8.92525 38.42387 0.26450 0.49565 -0.57705 -0.59278
16 553 554 10.30017 6.05587 91.19312 -0.72701 -0.66703 -0.14715 0.06986
16 554 555 -10.09912 5.98174 89.54922 0.12148 -0.52216 -0.63207 0.55954
16 555 556 -1.71683 -5.15678 63.89086 0.16391 0.05636 -0.89953 -0.40100
16 556 557 -7.43825 -1.50389 95.71153 0.31948 -0.53582 -0.16302 0.76436
16 557 558 8.15858 4.10783 94.80395 0.47212 -0.36594 -0.22641 -0.76937
16 558 559 -8.47308 8.20070 55.56418 0.95268 -0.02094 0.18474 -0.24049
16 559 560 -7.05769 -2.95462 91.53802 0.39392 0.51163 0.76353 0.00892
16 560 561 -9.86719 -1.14600 93.83423 0.66134 -0.24801 -0.50421 -0.49689
16 561 562 -7.52988 7.36807 91.89821 0.11562 -0.54609 -0.65210 0.51301
16 562 563 -5.75554 -0.29051 82.48918 0.53434 0.49469 0.67064 0.14143
16 563 564 0.98609 8.30203 80.51027 0.28615 -0.81635 0.49154 0.10037
16 564 565 6.40232 -8.31411 41.55540 -0.27340 0.72446 0.38252 -0.50407
16 565 566 -0.86570 2.05105 66.82308 0.76404 -0.02202 -0.58925 0.26180
16 566 567 -2.61941 -0.05189 75.33555 0.31538 0.50283 -0.66258 0.45681
16 567 568 8.81912 -5.05732 41.47447 -0.11846 -0.63319 0.18221 0.74286
16 568 569 4.82493 9.20406 84.69377 0.07503 0.85412 -0.10583 -0.50364
16 569 570 6.90513 -6.98437 51.66792 0.02024 -0.20234 -0.97845 0.03597
16 570 571 -0.60371 3.78763 59.20945 -0.14905 0.14659 0.93830 0.27549
766 571 572 -8.21170 -6.07294 40.36842 0.26162 0.07219 -0.71534 -0.64391
16 572 573 -1.53515 -6.40819 82.94022 0.68329 -0.16210 -0.48793 -0.51842
16 573 574 -5.42458 7.85129 90.85441 -0.05684 -0.85674 -0.43670 -0.26842
16 574 575 -0.67870 -7.90623 86.01242 0.02200 0.79212 -0.42377 0.43872
16 575 576 1.26420 -5.18509 53.20192 0.44911 -0.55706 -0.69842 0.01398
16 576 577 6.03956 -4.53513 97.02682 0.49264 0.39858 0.65041 -0.41881
16 577 578 9.38743 7.99433 51.69341 0.38813 -0.10470 0.86012 -0.31399
16 578 579 -0.21454 3.64464 72.67314 0.47012 0.31382 -0.46592 0.68075
16 579 580 7.41815 -3.36064 49.57885 -0.65048 0.52113 0.09248 -0.54474
16 580 581 7.67693 8.44374 44.46858 -0.19948 0.02806 -0.57759 -0.79108
1339 581 582 -5.92260 2.21641 40.57276 -0.65095 0.62829 0.39717 -0.15419
16 582 583 -0.49171 0.49385 64.78207 -0.37620 0.37793 0.49001 0.68959
16 583 584 -6.34567 -5.95601 65.54737 -0.14910 0.34409 0.32417 -0.86850
16 584 585 0.63378 -8.46711 64.21729 0.36114 0.58681 0.70872 -0.15146
16 585 586 1.00075 9.62155 61.61141 -0.35063 0.06196 0.91283 0.19988
16 586 587 -8.78400 -7.22360 91.24089 0.94202 -0.28750 -0.17045 -0.02989
16 587 588 -4.06336 -7.83347 47.54384 -0.56257 0.73326 -0.13847 0.35589
16 588 589 -4.05255 6.96325 63.14160 0.18034 0.20807 0.16698 -0.94673
16 589 590 -5.54269 -4.26786 67.05569 -0.44854 -0.74782 -0.46786 0.14383
16 590 591 -5.00394 -6.61189 39.69386 0.47263 0.65966 -0.42768 -0.39819
16 591 592 -4.51610 -1.97114 91.00634 -0.62573 0.70492 -0.20436 0.26418
16 592 593 3.85821 -4.42270 58.48901 0.07126 0.35211 0.47626 0.80257
16 593 594 2.99677 -10.18986 62.32644 -0.71024 0.51310 0.31589 -0.36399
16 594 595 -6.36042 8.67851 83.63035 -0.01020 -0.08665 0.84450 0.52841
152 595 596 -7.37184 0.99383 36.91922 -0.47378 0.71060 0.47137 -0.22000
16 596 597 4.87279 -7.09971 91.25450 0.01695 -0.46779 -0.68027 -0.56402
16 597 598 -8.48797 3.10570 80.31157 -0.41189 0.24506 0.10557 -0.87129
16 598 599 -3.24306 -4.77596 52.05305 0.03973 -0.16668 0.01197 -0.98514
16 599 600 -2.86995 -7.74372 64.76262 0.37340 0.58166 -0.64014 -0.33536
16 600 601 2.20591 7.04198 80.54360 -0.56498 -0.17655 0.58713 -0.55218
16 601 602 -3.23701 -9.11386 64.86337 0.66183 0.11841 0.24314 -0.69917
16 602 603 -4.02014 3.81273 58.64839 0.41089 0.04663 -0.76064 0.50042
987 603 604 -1.07388 -0.06932 98.50021 0.81087 0.34975 0.41298 -0.22275
16 604 605 2.75248 -2.58895 99.64626 0.20050 0.45520 0.85344 -0.15567
16 605 606 5.05203 -4.31018 76.64857 -0.13350 -0.64215 -0.12700 0.74410
16 606 607 -8.60779 -6.73263 90.66633 0.60254 -0.52432 0.09619 0.59396
16 607 608 -0.07411 6.87580 99.98183 0.05863 0.18034 -0.93934 -0.28578
16 608 609 -0.28667 8.27409 94.24354 0.75932 -0.07158 -0.56782 0.30967
16 609 610 9.34906 -3.35836 90.01423 -0.28796 -0.81911 0.49602 0.00995
16 610 611 -1.09473 6.39750 47.76428 -0.70782 -0.30649 -0.58820 -0.24307
16 611 612 7.21996 -7.11313 64.39252 -0.61045 -0.65879 0.22369 -0.37855
16 612 613 2.70423 3.90104 52.53694 -0.03869 -0.05135 0.82174 -0.56622
16 613 614 -0.29695 -4.69688 87.23592 0.47448 -0.48263 -0.29426 0.67479
16 614 615 7.22320 -3.20516 50.39856 -0.37798 0.78761 -0.47410 0.10966
16 615 616 -6.08056 -8.30484 88.42507 0.76242 0.47342 -0.02686 -0.44031
16 616 617 -8.00390 4.05468 88.38104 0.31607 -0.91535 0.11766 0.21997
16 617 618 4.74779 -7.36650 68.59240 -0.59720 -0.54155 -0.43026 -0.40614
766 618 619 -8.47977 -5.90877 39.58315 0.22879 0.17745 -0.56353 -0.77370
16 619 620 3.50708 3.73756 68.51708 -0.23041 0.89532 0.27570 0.26324
16 620 621 5.90961 -3.93484 73.23551 0.52290 -0.79231 0.24302 0.19943
16 621 622 -2.86173 9.65794 91.40430 0.66491 0.38101 0.58006 -0.27613
16 622 623 9.44145 4.66990 60.49606 0.10035 0.77098 0.23891 -0.58176
16 623 624 6.72240 3.83133 82.40773 0.32126 0.05431 0.55948 -0.76212
16 624 625 -9.62710 10.38586 91.98269 0.06464 -0.12514 0.14730 0.97901
16 625 626 4.11459 -5.22968 73.63278 -0.06335 -0.93384 -0.09146 0.33996
16 626 627 -6.87583 -5.88794 78.51674 0.21389 0.55723 -0.17839 0.78226
16 627 628 9.75528 -4.39701 58.43411 0.33096 -0.41221 0.11250 0.84136
16 628 629 5.71161 -8.54759 41.32400 -0.36229 0.73630 0.28620 -0.49468
16 629 630 9.31030 -10.46106 77.17737 -0.38141 0.28310 0.87996 -0.00753
791 630 631 1.88137 7.84599 46.44518 -0.85026 -0.32761 -0.26175 -0.31813
16 631 632 -0.06491 -8.96122 86.40895 -0.00025 0.85675 -0.49107 0.15757
16 632 633 6.93211 2.82569 58.78412 0.71333 0.07522 -0.03689 -0.69580
349 633 634 6.78397 -5.18966 34.76494 0.11177 -0.06541 0.85123 -0.50856
16 634 635 4.50188 -0.08583 74.35310 -0.41347 0.60706 -0.66973 -0.10948
16 635 636 1.68138 -2.58073 80.07081 -0.00474 0.75876 -0.64956 -0.04827
16 636 637 1.58618 -4.03866 58.04287 0.28949 0.02188 -0.64719 0.70488
37 637 638 7.48039 -8.17105 39.27086 -0.28306 0.42061 0.35938 -0.78346
16 638 639 -9.01762 -7.65482 87.30511 -0.89212 0.43037 0.13263 0.03628
16 639 640 7.54976 -1.02494 41.48653 0.23542 -0.73241 0.51268 -0.38120
16 640 641 -3.53725 -3.69646 98.99722 0.34302 0.79240 0.44342 -0.24044
16 641 642 2.71792 -2.53829 90.11347 -0.80023 0.40987 0.43754 -0.01409
16 642 643 -0.40775 -0.95493 65.67836 -0.11816 0.20608 0.96529 -0.10854
16 643 644 -6.71142 -5.39959 57.28006 0.73170 -0.52958 0.01821 0.42875
16 644 645 -0.13247 6.28702 79.53874 -0.55031 0.41438 0.62403 -0.36882
16 645 646 -0.88818 -6.05047 78.74003 -0.24890 0.68595 -0.53970 0.41981
16 646 647 6.33245 -10.04662 86.08750 -0.89678 -0.05695 -0.38473 0.21099
16 647 648 9.54479 -9.02776 51.65432 -0.63091 0.67340 0.36858 0.11242
16 648 649 7.54957 1.06385 78.92968 -0.17716 -0.40514 0.56919 -0.69318
16 649 650 3.13660 3.12375 53.32885 -0.09462 0.72441 0.43415 -0.52707
16 650 651 -4.35884 -4.98933 92.47366 -0.31382 0.92849 0.15984 0.11781
16 651 652 1.82035 -9.21544 85.62991 0.74795 -0.16504 -0.61443 0.18924
16 652 653 9.47800 4.93256 56.90578 0.36515 0.91465 -0.10542 -0.13773
16 653 654 9.69462 -1.73312 83.05359 0.10073 -0.42643 0.63325 0.63797
16 654 655 -3.95522 -0.61928 94.39496 -0.08850 0.52838 -0.76280 0.36209
16 655 656 1.97478 -8.10799 80.84912 0.45970 -0.68938 -0.46443 -0.31262
16 656 657 -0.17900 2.26481 75.83221 -0.44520 0.38426 -0.80506 -0.07755
16 657 658 -1.58267 5.25153 81.35881 0.52472 -0.32205 -0.45902 -0.64051
16 658 659 7.72950 2.65921 96.27579 0.85428 -0.09571 0.19346 0.47288
16 659 660 -4.82420 -2.79728 94.48005 0.48426 0.87429 0.02109 0.02585
16 660 661 10.47447 6.96819 89.15644 -0.06512 -0.79815 -0.31184 -0.51134
16 661 662 7.14621 1.55802 79.12562 -0.74496 -0.06869 0.33094 -0.57515
37 662 663 -2.74905 -8.16951 38.03804 0.52917 0.56245 0.35447 0.52725
16 663 664 -3.21443 -1.25187 86.95966 -0.28761 0.09025 -0.86692 0.39698
16 664 665 7.10481 -8.45542 79.68964 -0.42103 0.05390 -0.65187 0.62841
16 665 666 -1.66747 -2.39651 90.49954 0.52720 0.52743 -0.57275 -0.34035
16 666 667 2.00532 3.15465 62.80339 -0.16524 0.92421 0.04695 -0.34106
16 667 668 -2.28339 6.75268 72.39335 -0.24365 -0.94296 -0.05882 0.21909
16 668 669 6.49405 -0.74831 63.02758 0.15873 -0.00512 -0.16063 -0.97415
16 669 670 7.79145 -4.70551 45.88048 -0.10499 0.12452 -0.77256 -0.61369
16 670 671 -4.60912 -4.00160 78.85899 0.46648 0.32902 -0.79002 0.22364
16 671 672 -4.15497 2.14372 87.28386 -0.06498 -0.97471 -0.10478 0.18637
16 672 673 -7.37472 -8.83093 55.41010 -0.81242 -0.53914 -0.06639 0.21189
16 673 674 -8.66623 9.40914 42.21015 -0.15683 0.82936 0.04234 -0.53458
16 674 675 -3.81569 -1.01172 78.03465 -0.17244 0.63236 0.69631 -0.29247
16 675 676 -8.41319 8.82688 48.58327 0.42084 -0.19643 0.38514 -0.79748
16 676 677 2.08283 3.17032 50.61429 0.92155 -0.35884 -0.12376 -0.08160
16 677 678 -3.83808 -0.75145 51.58540 0.76275 0.09490 -0.63967 0.00521
766 678 679 -8.21862 -6.60414 36.46728 0.28819 0.13351 -0.60045 -0.73388
16 679 680 7.03038 -1.66261 51.93136 -0.80131 0.41244 0.22377 -0.37111
16 680 681 -0.87226 -3.80279 68.39342 -0.53796 0.68020 -0.29581 -0.40054
16 681 682 -1.81893 -8.11952 57.92799 -0.51374 -0.42623 -0.11743 -0.73526
16 682 683 9.80920 -9.94396 81.61656 -0.15430 0.86420 -0.29646 0.37611
16 683 684 -10.14725 -6.98751 49.51087 -0.52559 -0.26148 -0.26183 -0.76605
16 684 685 -8.37082 2.87953 73.84249 0.63527 0.01870 -0.58074 -0.50874
16 685 686 -7.39715 -6.11888 97.91637 -0.77413 0.63181 0.03248 -0.02202
16 686 687 -10.19145 7.75541 73.50582 0.89460 0.32781 -0.25281 -0.16828
16 687 688 -3.28131 5.72312 99.27427 -0.05499 -0.70466 -0.57087 -0.41778
16 688 689 -8.89046 6.05847 94.04740 0.45349 0.27612 0.23787 -0.81334
16 689 690 9.28927 -3.82765 90.51082 -0.03394 -0.57748 -0.79199 0.19525
16 690 691 1.13018 2.33154 67.40594 0.06088 0.71675 -0.68608 0.10888
16 691 692 2.11920 -7.16266 42.02907 0.14086 0.27969 0.64402 0.69797
16 692 693 -9.97361 -8.64798 50.99311 -0.73874 -0.41339 -0.36266 -0.38968
16 693 694 7.26605 -0.69672 48.70126 -0.70986 -0.42236 0.48607 -0.28538
16 694 695 8.37175 -7.17752 59.34828 -0.10042 -0.38696 0.64791 0.64837
16 695 696 8.09135 7.88943 44.31394 -0.22688 -0.00897 -0.69877 -0.67835
16 696 697 3.02310 2.78137 73.13365 -0.57723 0.12224 -0.17143 0.78897
16 697 698 -1.75560 4.94545 65.87612 -0.16553 -0.22764 -0.94436 -0.17017
16 698 699 -1.54856 7.72498 99.34456 0.72113 -0.41964 0.25268 -0.48993
16 699 700 -5.65382 3.74418 96.03155 0.27533 -0.37626 -0.41099 0.78340
16 700 701 -9.33120 9.66251 91.77350 0.10264 -0.21424 0.33529 0.91167
16 701 702 7.83943 -5.88381 42.51932 -0.42538 -0.89036 0.15501 -0.04779
16 702 703 -7.74314 7.04812 79.59371 -0.13190 -0.59101 -0.73567 -0.30347
16 703 704 7.96101 5.57220 56.81389 0.16512 0.54458 -0.81957 -0.06686
16 704 705 -9.91669 -9.45668 59.17147 0.37313 0.16561 0.26879 0.87241
16 705 706 10.30956 -5.16430 63.66882 -0.47683 -0.08600 0.77117 0.41295
16 706 707 -3.85394 -9.31879 47.58826 -0.56702 0.22599 -0.55658 0.56359
16 707 708 6.02705 6.39057 74.80689 -0.13850 0.19841 0.85395 0.46068
16 708 709 5.12822 10.12324 90.99367 0.62515 0.16169 0.19364 0.73861
16 709 710 -7.03587 1.09116 81.55764 -0.69176 0.26595 0.06879 -0.66783
16 710 711 -4.71719 -5.97670 83.97699 -0.48510 0.51971 -0.35460 -0.60731
16 711 712 -4.88155 0.14579 52.24643 0.55398 0.58136 -0.57505 0.15632
16 712 713 -5.06427 5.28665 60.62475 0.66936 0.66819 0.24775 0.21000
16 713 714 -7.27545 5.07482 92.89199 -0.44201 -0.79902 -0.36664 -0.17821
16 714 715 9.14334 3.77607 92.63594 -0.01383 -0.17226 0.97327 0.15126
16 715 716 0.20530 9.13708 58.92407 0.40467 0.82406 0.37112 0.13941
16 716 717 0.31619 8.95473 65.76840 0.56232 0.56057 -0.40613 0.45235
16 717 718 8.77946 -1.44946 76.99084 -0.78786 -0.28800 -0.48810 -0.24101
16 718 719 -2.22160 -7.65334 76.31073 0.07775 0.31222 -0.50947 0.79807
16 719 720 -6.75527 1.05999 62.26995 -0.45237 0.62230 -0.48405 -0.41690
16 720 721 2.72764 -6.73545 58.75481 0.51647 -0.02792 0.77523 0.36264
16 721 722 6.13102 5.50690 55.09243 -0.28870 -0.85473 0.41805 -0.10641
16 722 723 2.04860 -2.51268 50.10927 -0.70538 -0.01316 -0.70862 -0.01130
16 723 724 -9.10351 -6.63731 79.54507 -0.52545 0.37835 -0.49820 0.57667
16 724 725 4.25109 9.68608 77.14217 0.25527 -0.91981 0.25622 -0.15213
16 725 726 6.42875 6.28166 84.81075 0.22137 -0.36393 -0.02508 -0.90439
16 726 727 3.08410 -2.27742 82.70325 -0.55844 0.08060 0.16407 -0.80915
16 727 728 5.93343 -3.74096 62.52524 0.42414 0.23513 -0.87434 0.01876
16 728 729 -3.01582 -9.66262 65.38577 0.28776 0.83383 -0.28147 -0.37775
16 729 730 -2.51039 5.77509 87.00421 0.84039 0.19342 -0.48569 -0.14296
16 730 731 -8.58219 -0.53626 89.05511 0.36414 0.66249 -0.52995 -0.38427
16 731 732 -0.08717 8.92293 46.69028 -0.44008 0.21990 -0.66483 -0.56212
16 732 733 8.16955 5.91371 44.61772 -0.21577 0.17657 -0.60255 -0.74780
16 733 734 -5.46224 7.40684 39.51843 0.22630 0.49677 -0.68491 -0.48260
16 734 735 3.06883 0.84828 85.14891 0.91328 -0.19134 -0.29060 -0.21181
16 735 736 -7.87037 0.20426 60.94227 0.34712 0.80030 -0.37063 -0.31886
16 736 737 4.43526 -10.47972 71.66854 0.65415 -0.58286 0.42499 0.22745
16 737 738 -2.00376 -4.71167 64.99475 0.15449 0.50296 -0.62574 -0.57585
16 738 739 -10.38938 -0.99809 89.51618 -0.26608 0.17971 -0.89735 -0.30277
16 739 740 -1.91832 10.42860 82.41182 -0.21065 0.72063 -0.00306 -0.66054
16 740 741 3.13839 0.33472 59.90066 -0.23764 0.80170 0.52791 0.14871
16 741 742 5.20333 -5.87825 89.53012 -0.69213 0.52615 -0.44597 -0.21266
16 742 743 4.77464 -7.86280 90.10350 -0.72975 0.62201 -0.28358 -0.01207
16 743 744 -8.17233 -4.71718 72.53930 0.16137 0.38544 0.84698 0.32866
16 744 745 -0.18737 -8.16707 75.73094 -0.10871 0.63526 -0.73590 0.20754
16 745 746 6.51697 0.64206 86.11314 -0.68120 -0.00053 0.71380 -0.16262
16 746 747 -6.81421 3.49044 60.17249 0.24421 -0.58032 -0.55064 0.54808
16 747 748 8.35865 6.56364 72.68476 -0.96457 0.07216 0.16617 0.19181
16 748 749 -10.44547 -9.08167 73.41082 0.95375 0.09236 0.10917 -0.26440
16 749 750 3.81710 4.99255 89.03912 0.98653 0.11175 0.11025 0.04600
16 750 751 3.34950 4.19482 77.09753 0.06927 -0.23716 -0.86170 0.44320
16 751 752 -0.76632 8.16541 57.93766 0.40135 0.70622 0.57295 -0.10911
16 752 753 7.21249 -8.77212 91.39929 -0.03587 -0.83919 -0.09329 -0.53457
16 753 754 -6.34805 2.48624 76.36175 -0.28195 -0.58210 -0.43123 -0.62905
16 754 755 -4.23528 -6.33762 83.61134 0.57423 0.67279 -0.38645 -0.26128
16 755 756 -5.00753 -3.90902 59.86705 -0.10272 0.58089 -0.50847 -0.62728
16 756 757 -4.14926 -8.49585 59.17629 -0.40491 0.79013 -0.45815 -0.04300
16 757 758 -9.97016 -9.26167 74.19694 0.78332 -0.11285 0.26383 -0.55142
16 758 759 2.81268 4.90843 69.32674 0.28382 -0.03256 -0.34407 0.89443
157 759 760 -2.93465 -9.10883 39.35961 -0.05705 0.52025 0.47172 0.70962
16 760 761 -3.30128 8.51602 80.36961 0.63839 0.59999 -0.02416 0.48155
16 761 762 -5.77977 0.72681 47.92104 0.32125 -0.24035 -0.57433 0.71356
16 762 763 -9.79164 5.12028 64.11254 -0.19334 -0.46038 -0.57751 -0.64587
37 763 764 9.72375 -5.08584 43.67282 -0.62157 -0.21147 0.38032 0.65137
16 764 765 4.54492 6.99697 85.72647 -0.05612 -0.28964 -0.40878 -0.86363
16 765 766 -6.97688 -4.53147 44.73878 -0.54940 0.13723 0.77782 0.27262
16 766 767 -3.02510 8.99898 59.76404 0.29093 0.28915 0.39765 -0.82075
16 767 768 -6.15163 4.63283 89.65761 0.40335 0.07784 -0.85434 -0.31835
16 768 769 6.00045 6.79356 74.42528 -0.03335 -0.10983 0.86454 0.48929
16 769 770 6.00223 -1.11586 62.09167 0.46748 -0.20804 -0.14075 -0.84757
16 770 771 4.43461 10.28482 54.21463 -0.44112 0.47517 0.65540 0.38740
16 771 772 1.69979 5.32040 77.97621 -0.12923 -0.96535 0.09006 -0.20807
16 772 773 4.52960 3.30882 91.10051 -0.21373 -0.20611 -0.83031 -0.47162
16 773 774 0.57096 -4.65280 53.70191 0.04267 0.41511 -0.90570 -0.07463
16 774 775 -8.17374 2.40823 76.28534 0.41514 0.17836 -0.87096 0.19306
16 775 776 -8.56452 5.92518 75.31221 0.76298 0.06203 0.29183 0.57346
16 776 777 4.77319 -1.14444 83.56595 0.57655 0.37157 0.61833 -0.38365
16 777 778 5.45655 -1.04638 84.08618 0.95993 0.20008 0.19458 0.02541
16 778 779 -0.05296 -9.10661 62.60576 0.31606 0.25658 0.73685 -0.53975
16 779 780 3.82742 -7.32706 42.76383 0.24265 0.64728 -0.33411 0.64072
16 780 781 5.99386 -5.51727 69.42344 -0.56217 0.08697 -0.78117 -0.25723
16 781 782 9.34904 -6.19406 57.02349 0.05837 0.32283 0.18154 0.92705
16 782 783 -1.20868 -4.00635 61.45944 0.90216 0.00838 -0.43080 -0.02127
16 783 784 3.95326 -4.09195 76.49463 0.13152 -0.85674 0.42989 0.25276
16 784 785 6.90620 9.21288 63.73006 -0.11280 0.97656 0.01564 -0.18268
16 785 786 -3.80806 -8.77493 95.58811 -0.25322 -0.02068 -0.61187 0.74904
16 786 787 -3.98394 -8.58626 71.93429 0.48069 0.42329 -0.70395 -0.30696
16 787 788 -2.98507 -6.89790 52.30606 -0.23482 0.49769 0.83426 -0.03430
16 788 789 -9.97045 -2.75477 63.65425 0.68911 0.62021 -0.28935 0.23820
16 789 790 -4.76633 -1.50656 50.74642 -0.32560 0.11895 -0.78871 0.50771
16 790 791 2.03741 7.49805 46.48422 -0.78202 -0.19623 -0.54939 -0.21935
16 791 792 -0.08145 7.86716 93.45262 0.63108 0.39626 0.02578 0.66637
16 792 793 -3.09209 3.12005 87.33335 0.04459 -0.37015 -0.73601 -0.56505
16 793 794 -5.81141 -7.16200 79.76016 -0.27241 0.92633 0.06296 -0.25245
16 794 795 5.59340 5.92200 77.34543 -0.61518 -0.37642 -0.33560 0.60600
16 795 796 -1.09990 2.10348 52.33886 0.39150 0.53908 -0.73690 0.11447
16 796 797 -4.03204 -3.97081 79.08918 0.46233 0.18997 -0.86303 0.07310
16 797 798 0.16768 -5.47546 95.60942 -0.06895 0.03801 -0.12010 0.98963
16 798 799 9.85442 -4.62667 88.18133 -0.92481 -0.28234 0.05125 -0.24976
16 799 800 -6.44518 9.48176 61.19856 0.58734 0.79795 -0.13249 0.02757
16 800 801 6.93747 3.38081 54.73202 0.40531 0.37449 -0.19429 0.81101
16 801 802 2.07221 -2.45168 75.19131 -0.61964 -0.62168 -0.16168 -0.45103
16 802 803 -0.63833 -9.23384 84.48173 -0.05136 0.54244 -0.39863 0.73771
16 803 804 3.49302 -0.46925 95.67285 0.00525 -0.40665 -0.37696 -0.83217
16 804 805 -0.21180 -0.18767 51.90359 0.12007 -0.19000 -0.79252 -0.56692
16 805 806 2.66515 0.90019 72.36619 0.03378 0.60291 -0.56594 0.56132
16 806 807 -1.48012 -0.76986 69.63544 0.00084 -0.55908 0.07464 -0.82575
16 807 808 -10.12269 4.07087 82.73273 -0.53940 -0.72227 -0.10019 -0.42112
16 808 809 7.12042 1.28126 77.90209 -0.31417 0.46084 0.67899 0.47738
16 809 810 -6.26467 8.41912 78.04657 -0.41548 -0.80525 0.21619 -0.36362
16 810 811 9.84539 7.53596 52.04223 0.33767 0.54949 0.71129 -0.27945
16 811 812 -6.88524 3.28898 60.49040 -0.13845 -0.41487 -0.37687 0.81651
16 812 813 2.00779 -2.79872 55.36034 0.81315 0.23384 0.51352 0.14284
16 813 814 -8.08869 3.06917 72.01088 -0.16533 0.78171 -0.44188 -0.40785
16 814 815 5.53484 -3.57473 49.01743 -0.26711 0.80636 -0.42353 0.31474
16 815 816 -6.16796 1.66584 95.10224 -0.06703 -0.32517 -0.11840 0.93582
16 816 817 -1.74119 9.42439 52.89611 -0.03845 0.17303 -0.73192 -0.65793
16 817 818 -8.99590 -0.76734 48.24597 -0.53220 -0.70457 0.05039 -0.46670
16 818 819 9.42879 9.40029 85.19526 -0.46091 0.59372 0.65729 -0.05505
16 819 820 6.25402 -5.82890 56.06538 0.61683 -0.08333 0.78024 0.06169
16 820 821 -3.46522 -8.30112 87.17011 -0.82689 -0.53560 -0.13221 0.10909
16 821 822 7.38057 -5.01948 81.32277 -0.38064 0.01381 -0.92374 -0.04031
16 822 823 -0.29755 1.10434 68.31251 0.74321 0.26361 -0.55560 0.26355
16 823 824 8.64245 -9.85159 89.33122 -0.37807 -0.74935 -0.43732 -0.32293
16 824 825 -2.43348 5.07737 63.47874 0.83373 -0.30011 0.43994 -0.14589
16 825 826 -6.40266 6.98450 85.17965 -0.03845 -0.72889 0.26387 0.63057
16 826 827 -7.37463 -10.02262 96.79635 0.66142 0.73344 -0.08322 -0.13291
16 827 828 -3.42154 -1.52173 89.28373 -0.94411 0.15721 -0.27114 0.10211
16 828 829 4.22173 9.53653 50.06151 -0.49912 0.85183 -0.13284 0.08724
16 829 830 0.39372 -0.25043 68.45079 0.74471 -0.17442 -0.35840 -0.53530
16 830 831 -4.91910 5.56894 92.74506 0.69028 -0.66064 0.00867 -0.29495
678 831 832 -7.23162 1.54746 41.34464 -0.76190 0.37312 0.52882 -0.02521
16 832 833 -2.79161 3.01842 59.86354 0.72462 0.68110 -0.01457 -0.10396
16 833 834 -5.50193 -9.45830 83.23887 -0.67792 -0.61222 -0.38644 -0.12754
16 834 835 9.93306 7.18346 82.35563 -0.33620 -0.62047 0.69890 0.11627
16 835 836 -6.06139 5.60170 70.13393 -0.01120 0.26344 -0.95034 0.16531
16 836 837 -0.78927 5.06108 58.99404 0.59616 -0.35310 0.66194 0.28592
16 837 838 -8.07494 -8.76535 91.94882 0.96996 0.02075 -0.00634 0.24230
16 838 839 -5.51651 -10.13311 99.61613 -0.60563 0.22348 0.63800 0.41979
766 839 840 -8.06831 -7.42491 36.94901 0.17082 0.15442 -0.56825 -0.78998
16 840 841 4.65910 -4.05729 57.18398 -0.10894 -0.30088 0.09002 0.94313
16 841 842 -3.18433 -7.57063 48.92943 -0.20101 0.91985 -0.27429 0.19552
16 842 843 -7.32334 -1.71902 90.65000 0.22934 0.51466 0.78127 -0.26860
16 843 844 4.32938 -4.29603 54.43868 0.74880 -0.27735 0.57603 0.17482
16 844 845 -1.11196 -1.59462 84.71872 0.57674 0.37558 -0.07936 -0.72112
16 845 846 8.68560 -8.49906 98.26335 0.06485 0.67805 0.68520 0.25797
16 846 847 -9.36959 -1.49777 49.60830 -0.38739 -0.88387 0.17412 -0.19593
16 847 848 -0.76588 3.87393 76.80604 0.18974 0.67742 -0.15130 -0.69441
16 848 849 -8.86829 -0.07009 72.18957 -0.73345 0.63431 -0.21697 0.11239
16 849 850 -4.93753 9.18954 64.54788 -0.68394 0.68362 -0.24923 0.05272
16 850 851 -2.44136 -9.28159 67.52746 -0.58627 0.70143 0.14723 0.37764
16 851 852 3.19772 5.77414 91.96825 0.54038 -0.35827 -0.71659 0.25715
16 852 853 0.01570 -8.73699 73.27406 -0.43521 0.10845 -0.71080 0.54184
16 853 854 8.73055 7.64194 92.82309 -0.05616 -0.12431 0.80011 0.58413
16 854 855 1.79739 1.46745 60.58130 -0.35385 0.64341 0.23589 0.63653
16 855 856 6.64906 -1.19579 67.86083 0.78600 -0.35784 -0.10716 0.49262
16 856 857 -7.89760 3.15970 63.43245 0.16751 -0.13945 -0.24837 0.94382
16 857 858 -2.54891 -7.13907 36.00679 0.40753 0.72617 -0.19625 -0.51777
16 858 859 9.83878 -9.39917 56.49321 0.26396 0.30735 -0.59083 0.69770
16 859 860 -8.47911 0.15675 88.34580 -0.03651 0.85066 0.40791 0.32962
16 860 861 4.54620 -2.04378 97.18761 -0.10164 -0.27493 0.79979 -0.52384
16 861 862 2.47920 -3.36593 76.82189 -0.87189 -0.45640 -0.15116 0.09305
16 862 863 8.70710 -0.58804 75.73389 -0.84949 0.13615 0.24953 0.44449
16 863 864 1.89450 10.26019 75.42304 0.04510 0.59629 -0.63678 -0.48674
16 864 865 6.96294 4.39610 82.95698 0.47689 0.51953 -0.45079 -0.54722
16 865 866 10.04327 5.50035 88.95092 0.04013 -0.32800 -0.79030 0.51597
16 866 867 4.90238 -0.54411 95.95700 -0.78914 -0.13676 -0.58725 -0.11699
16 867 868 -3.80117 -0.05220 74.25118 0.48467 -0.78989 -0.06912 -0.36932
16 868 869 4.39138 6.60869 72.40830 0.35096 0.04404 0.90763 0.22605
16 869 870 -7.19722 -5.78577 53.95313 -0.34790 -0.00368 -0.30840 -0.88535
16 870 871 -1.56595 0.80476 69.60670 -0.03826 -0.24105 -0.96822 -0.05452
16 871 872 9.07511 -3.73015 44.03793 -0.63693 0.46248 0.60087 0.13922
16 872 873 8.48217 -0.42688 65.14055 0.27543 -0.85989 -0.09260 0.41971
16 873 874 6.94534 6.56581 50.54645 0.75806 -0.42213 0.46258 0.18212
16 874 875 0.28197 -0.31649 51.39417 -0.31527 -0.15261 -0.92828 0.12497
16 875 876 -1.12734 -4.75188 60.75854 -0.07105 0.59669 -0.62518 -0.49807
16 876 877 6.29403 7.21486 55.66757 0.15824 -0.60944 -0.32566 0.70532
16 877 878 8.97412 3.24254 92.19085 0.04812 0.10314 0.99349 -0.00512
16 878 879 -7.03835 -9.42369 83.22982 -0.87124 0.14494 0.29478 -0.36474
16 879 880 -4.44371 3.77004 65.23447 0.44812 0.62026 -0.55738 -0.32216
16 880 881 -3.93453 -1.49897 68.56566 0.40635 -0.63219 -0.42345 -0.50587
16 881 882 3.69880 -5.90132 88.33455 0.43435 0.60102 0.08724 0.66521
16 882 883 0.97374 -6.50355 70.77938 0.08925 -0.37154 0.92350 -0.03377
1284 883 884 4.39963 -6.12966 38.11129 0.52244 -0.62274 -0.37168 -0.44844
16 884 885 5.53145 3.77296 66.33332 -0.55086 0.76747 -0.15255 -0.29030
16 885 886 -3.09967 5.32222 51.67479 0.04937 0.85922 -0.17336 -0.47879
16 886 887 0.44914 4.42717 97.67111 0.69639 -0.15405 -0.23840 -0.65914
16 887 888 2.89650 -6.20084 93.07407 -0.37444 -0.17860 -0.20738 -0.88594
16 888 889 1.29831 1.76291 55.83549 0.46057 0.30795 -0.30857 -0.77319
16 889 890 -0.52949 -2.46672 54.99015 0.40266 -0.67944 0.22142 0.57202
16 890 891 -1.07933 7.39175 40.92648 0.26707 0.43450 -0.42470 -0.74800
16 891 892 -1.89742 8.36971 81.97012 0.60944 0.62972 -0.29955 0.37724
16 892 893 7.93982 -9.28684 47.53650 -0.72239 -0.19398 -0.37969 0.54439
16 893 894 -7.48048 2.41893 94.35836 0.23804 -0.67206 0.47439 0.51636
16 894 895 6.06795 8.11009 82.63257 -0.00555 0.31352 -0.71855 -0.62077
46 895 896 4.08739 7.72936 36.53176 0.36195 0.48051 -0.38834 -0.69806
16 896 897 -1.49133 -4.95527 84.85843 0.75631 0.45898 -0.42494 -0.19172
16 897 898 -6.64151 -2.20994 41.72164 -0.35357 0.69056 0.61833 -0.12561
16 898 899 -8.73855 -6.80505 53.97012 -0.88676 -0.37986 -0.18295 -0.18944
16 899 900 -5.15617 8.26743 78.04486 0.08999 -0.93526 0.08808 -0.33081
16 900 901 -8.43426 10.09241 62.83785 0.54419 -0.30309 0.11686 -0.77352
16 901 902 2.36430 2.44842 57.51649 -0.50965 0.47358 0.71485 0.07042
16 902 903 8.42351 2.35375 76.89367 0.19607 -0.28192 0.85573 0.38705
16 903 904 8.08120 6.96004 96.62253 -0.74018 0.39472 0.36794 -0.40118
16 904 905 -4.24199 4.79328 84.97766 -0.64456 -0.27826 -0.45422 0.54845
16 905 906 -2.86499 3.28482 58.57128 0.44919 -0.30708 -0.55885 0.62580
16 906 907 7.92992 5.72093 98.02564 0.12407 0.18279 0.88348 0.41312
16 907 908 -7.66703 1.90425 56.09921 -0.29806 0.65286 -0.65300 -0.24193
46 908 909 8.95146 0.45967 44.50767 -0.82595 0.01198 0.36149 -0.43242
16 909 910 3.50389 5.05482 52.42678 0.15452 -0.45106 -0.20531 -0.85470
16 910 911 -9.85079 4.60920 63.13161 0.28560 -0.57313 -0.05441 0.76615
16 911 912 6.47375 10.02878 90.62572 0.57839 0.77394 0.01081 0.25760
16 912 913 -7.00802 5.49605 43.65703 -0.49360 0.42379 0.61651 -0.44350
1339 913 914 -4.63473 10.39419 35.95389 0.01588 0.32558 0.60905 -0.72305
16 914 915 -7.69282 -1.09668 64.96499 0.63066 0.13846 -0.75943 -0.07975
16 915 916 -5.46959 -8.79767 99.31129 0.36777 0.03988 0.82354 0.43004
16 916 917 -10.15658 -1.12185 52.27944 -0.22912 -0.84740 0.47327 -0.07367
16 917 918 -5.25602 2.65450 58.23715 0.86931 -0.14201 -0.23916 -0.40857
16 918 919 -5.62360 8.76665 73.11897 -0.01016 0.27406 0.55885 -0.78261
16 919 920 8.64628 -7.32279 76.20488 0.17731 0.59719 -0.36670 0.69098
16 920 921 8.72154 0.15392 81.44883 0.92127 0.16470 0.04251 0.34977
16 921 922 -2.90299 2.24378 78.58138 -0.67798 -0.21945 -0.22600 -0.66416
16 922 923 5.66196 -3.42050 57.75068 -0.42450 0.00478 0.00389 0.90541
16 923 924 6.66115 -1.38333 72.15452 0.14759 0.59861 0.71567 0.32817
16 924 925 6.80099 -0.93891 69.66033 0.17681 -0.82705 0.26964 0.46045
16 925 926 10.32289 -0.97087 69.78299 -0.21461 -0.46498 0.57963 0.63385
16 926 927 -0.94511 1.34783 89.65810 0.57073 -0.47593 -0.61849 0.25540
16 927 928 7.37549 -6.86372 59.01761 -0.62985 -0.55861 -0.06113 0.53620
16 928 929 -6.67197 9.92875 98.05259 -0.38863 -0.48879 0.65980 0.41799
16 929 930 0.56552 0.33294 85.96034 0.22043 0.16816 -0.91881 -0.28093
16 930 931 8.20572 -7.83003 78.37705 0.08316 0.86510 0.48911 -0.07394
16 931 932 -0.64779 -2.07097 73.23099 0.34861 0.53958 -0.51639 0.56628
16 932 933 9.53946 -9.45039 55.63987 -0.22448 0.38085 -0.57474 0.68865
16 933 934 -6.53245 8.71008 62.49298 0.59691 -0.23589 -0.01738 -0.76665
16 934 935 8.94674 -2.35076 82.42165 0.41397 -0.18784 -0.60878 0.65018
16 935 936 -3.44065 -6.82286 92.74132 -0.13604 0.69974 -0.55622 -0.42718
16 936 937 3.28690 -4.83655 90.39444 0.73771 0.08922 -0.44222 0.50226
16 937 938 -1.14681 3.79928 95.81192 0.36413 0.59700 -0.61777 -0.35967
16 938 939 -6.00523 1.37030 81.23251 -0.70862 0.20951 0.07993 -0.66900
16 939 940 -0.48954 1.06572 56.48288 0.14522 -0.31760 -0.63767 -0.68660
16 940 941 -8.81676 1.79722 61.75424 0.64917 -0.44279 -0.58900 0.18866
16 941 942 7.94104 6.51326 95.83359 0.62850 0.29211 0.71956 -0.04349
16 942 943 -6.40926 -7.83722 63.61330 -0.41464 -0.69784 0.28278 -0.51101
16 943 944 -3.65241 -1.57273 56.18993 0.58120 -0.07631 -0.21004 0.78248
16 944 945 0.16755 -5.77064 44.16509 -0.13508 0.05699 0.86525 0.47943
16 945 946 -3.80349 -4.14209 38.88514 -0.19614 0.73821 -0.25589 -0.59254
16 946 947 8.87009 -6.65968 88.61394 -0.11767 -0.57384 0.23512 0.77561
16 947 948 -3.86453 7.38541 75.48102 0.14084 0.75523 0.28629 0.57257
16 948 949 10.49544 -1.43250 80.41299 0.54002 -0.28214 -0.22268 -0.76104
16 949 950 8.16887 2.20334 95.64755 0.92270 -0.32561 0.11817 0.16926
16 950 951 7.81065 4.09526 66.02096 0.77864 -0.00826 -0.34674 0.52290
16 951 952 -8.79646 9.32560 68.31287 0.36361 0.66683 -0.55788 -0.33451
16 952 953 9.21415 -1.69727 86.95981 -0.31198 0.27054 0.26737 0.87063
16 953 954 -9.32508 0.53469 80.86284 -0.68177 -0.35334 0.63290 -0.09889
16 954 955 -7.51032 -2.01389 56.36787 -0.37050 -0.36128 -0.59286 -0.61702
16 955 956 4.78945 8.91281 73.03545 0.41596 0.15852 0.53564 -0.71760
16 956 957 -2.64803 -4.18269 78.46973 0.73631 0.25937 -0.62091 -0.07107
16 957 958 2.69874 8.94800 95.47460 0.08323 -0.58985 -0.80232 -0.03792
16 958 959 10.11913 9.66433 76.17636 0.76161 0.01276 0.41398 -0.49841
16 959 960 4.97577 -2.17073 77.30507 0.07881 -0.88238 0.33734 -0.31844
16 960 961 -1.62474 -2.96523 72.17153 -0.80258 0.19218 -0.30956 -0.47234
16 961 962 5.37951 7.63829 90.67632 0.28324 -0.77644 -0.44271 0.34773
16 962 963 -9.96242 1.02082 53.46561 -0.11954 0.37751 -0.91825 0.00245
16 963 964 4.65999 5.38336 85.35138 -0.01712 0.59647 -0.77369 -0.21290
16 964 965 10.06224 9.81818 97.11146 0.78175 -0.40966 -0.10293 -0.45875
16 965 966 -1.50229 6.76486 74.70432 -0.63335 -0.57612 -0.25125 0.45147
16 966 967 8.19051 0.10469 45.26700 -0.54893 -0.58863 0.53725 0.25210
16 967 968 -3.61726 6.74174 77.44017 0.41068 0.04311 0.26556 0.87118
16 968 969 8.93713 -1.89427 88.22597 -0.60024 -0.15462 0.75025 0.23006
16 969 970 8.92410 -7.04827 49.26172 -0.37339 0.68515 0.04916 -0.62349
16 970 971 10.45985 -8.27050 72.23963 -0.22299 0.50663 -0.11034 0.82549
16 971 972 5.20900 1.79567 73.39999 0.22451 0.60485 -0.46836 0.60365
16 972 973 10.26577 6.20842 83.85965 -0.42142 -0.14212 0.39865 -0.80205
16 973 974 6.28746 -0.92874 86.66999 0.13128 -0.80274 0.57117 0.11022
16 974 975 -3.66186 -1.88303 80.97925 -0.21760 0.92587 -0.30889 0.00127
16 975 976 2.30586 8.73741 84.74934 0.45568 -0.54816 -0.63780 -0.29170
16 976 977 -4.55307 5.28063 96.72976 -0.18208 -0.70483 0.65651 0.19764
16 977 978 5.16517 -5.79108 93.71157 0.74728 -0.08859 0.64206 0.14659
16 978 979 8.59546 8.78567 94.91089 -0.08508 -0.99445 0.03093 0.05362
16 979 980 -0.10821 -6.27311 79.81168 -0.41066 0.57622 -0.43241 0.55889
677 980 981 7.59285 -0.41546 38.45325 0.80849 -0.52981 -0.13630 0.21697
16 981 982 -0.98590 4.34532 88.34961 0.15759 0.28272 -0.84873 0.41821
16 982 983 -9.65670 -1.62459 72.10732 -0.92960 0.23713 -0.08877 -0.26782
16 983 984 -10.24259 9.14976 88.99920 -0.35950 -0.33896 0.73678 0.46153
16 984 985 3.82629 3.26907 77.70723 -0.27872 -0.67642 -0.68085 -0.03496
16 985 986 -1.51824 -0.71661 86.34789 0.23986 -0.15302 -0.75554 -0.59010
15 986 987 -0.34417 -0.70320 80.27945 0.99179 0.07489 0.03151 -0.09871
16 987 988 -4.95790 -8.16985 55.68188 -0.96232 -0.26965 -0.00484 0.03460
16 988 989 0.01447 4.17833 75.66432 0.62986 0.52352 -0.12335 0.56035
16 989 990 -5.02598 -3.35506 71.43562 0.00728 -0.18974 -0.28133 -0.94064
16 990 991 -10.16522 -7.61125 50.25022 -0.60842 -0.32413 -0.13675 -0.71138
16 991 992 -4.22083 -6.65845 44.78036 -0.70051 0.30132 -0.55022 -0.34022
16 992 993 -9.24092 -6.88065 48.73089 -0.72505 -0.59591 -0.34379 -0.03160
16 993 994 -4.28728 10.39159 98.04210 0.48347 -0.78768 -0.30604 -0.22838
16 994 995 4.84108 2.81551 90.36787 -0.32586 -0.51689 -0.66366 -0.43150
16 995 996 9.29701 7.86588 44.42639 -0.33515 0.89938 0.12627 -0.25069
16 996 997 5.15689 -8.82946 96.12874 0.71125 0.10225 0.55547 0.41848
16 997 998 6.91971 -8.87840 57.13524 -0.49368 -0.81337 -0.28030 -0.12708
16 998 999 7.65963 6.75865 87.68216 -0.25542 -0.17298 0.20048 -0.92986
16 999 1000 -4.67284 0.61159 74.30489 0.24632 -0.17514 -0.79924 0.51949
16 1000 1001 -0.40357 3.49589 76.86220 -0.83961 0.15106 -0.23020 -0.46823
199 1001 1002 -6.53348 10.06416 36.20159 0.39778 0.73966 0.14179 -0.52399
16 1002 1003 -2.12578 -4.13635 57.52939 0.15850 -0.06963 -0.61005 0.77322
16 1003 1004 -4.94010 6.02522 69.24419 -0.49235 0.44182 -0.48825 0.56920
16 1004 1005 6.86061 7.58745 54.86374 0.64971 -0.70674 -0.26914 0.07719
16 1005 1006 8.78130 4.17046 63.79745 0.56302 -0.17987 -0.51836 -0.61803
16 1006 1007 8.06620 -8.49324 68.22155 -0.54861 -0.45663 -0.12605 0.68894
16 1007 1008 7.58298 -2.89657 85.50647 0.41823 -0.33352 0.62602 0.56740
16 1008 1009 -1.95035 5.70257 81.17650 0.38666 -0.25051 -0.44015 -0.77072
16 1009 1010 -1.59184 0.56168 56.24844 -0.66470 0.24923 -0.68241 -0.17430
16 1010 1011 -1.62998 4.17153 53.70843 -0.59336 0.53613 -0.45780 -0.38847
16 1011 1012 6.68846 0.41157 56.07376 -0.58354 0.64033 0.02955 0.49859
16 1012 1013 7.28163 10.15539 99.22466 -0.48090 0.05650 0.86111 -0.15502
16 1013 1014 2.64148 10.12962 58.61785 -0.73681 0.56015 0.36210 0.11056
16 1014 1015 -9.38036 5.63431 49.27681 0.41274 0.80704 -0.38203 -0.17994
16 1015 1016 -4.62138 -0.13053 61.98543 -0.15043 -0.83850 -0.09866 -0.51435
16 1016 1017 3.03603 -7.69949 73.83604 -0.63197 -0.05285 0.70158 0.32497
16 1017 1018 -8.25346 -9.26312 66.00505 -0.39788 -0.54809 -0.21326 -0.70414
16 1018 1019 -5.31429 5.21183 97.31921 0.18049 -0.26135 0.94554 0.07117
16 1019 1020 5.70613 9.32084 88.69454 0.63091 -0.27401 0.68257 0.24693
16 1020 1021 9.51171 -5.81066 76.27442 0.17536 0.61167 -0.12940 0.76050
16 1021 1022 0.44198 -1.23935 91.49928 -0.00761 -0.34457 0.85901 0.37857
16 1022 1023 -9.10488 -8.70352 75.03320 0.22208 0.66015 0.69263 -0.18749
16 1023 1024 -6.39153 -0.27256 72.81923 -0.15404 0.03630 -0.66365 0.73111
16 1024 1025 0.28361 8.33129 79.47700 -0.37242 0.61657 0.68577 0.10423
16 1025 1026 1.91560 5.73823 85.88846 0.69145 -0.08989 -0.28788 -0.65646
16 1026 1027 -2.07850 -7.62121 81.79522 -0.75088 -0.48355 -0.36531 0.26250
16 1027 1028 -3.99610 -9.58910 79.31659 -0.24229 0.51263 0.79778 -0.20506
16 1028 1029 -0.52239 -3.29002 87.87390 0.51583 -0.03098 0.73688 0.43585
16 1029 1030 -2.19301 2.18331 84.46483 0.72870 -0.68221 0.05598 -0.02101
16 1030 1031 6.32396 9.93909 53.12357 -0.25264 0.21904 0.62972 0.70117
187 1031 1032 -3.86305 6.99021 36.90385 0.63160 0.12589 -0.75843 -0.10014
16 1032 1033 7.00787 -2.80998 47.63800 -0.31117 0.63108 -0.68654 0.18321
16 1033 1034 -9.02081 2.03518 53.43606 0.16330 -0.08664 -0.73390 0.65362
16 1034 1035 -5.38143 7.42279 80.29734 0.69596 -0.00165 0.57773 0.42647
16 1035 1036 -0.81079 -4.11597 98.64922 0.28464 0.56768 -0.74443 0.20626
16 1036 1037 8.21370 6.28020 96.46799 -0.61067 -0.63748 0.30918 -0.35369
16 1037 1038 -4.13207 -3.75610 56.51729 -0.33100 -0.41157 0.56129 0.63718
522 1038 1039 4.62409 6.59976 37.28898 0.33642 0.36086 -0.52274 -0.69522
16 1039 1040 -7.67894 -6.47180 85.64759 0.21866 0.46321 0.47723 -0.71405
16 1040 1041 4.40771 -8.34284 97.77601 0.02716 -0.64492 0.46253 0.60779
16 1041 1042 -10.10793 8.85127 82.56461 -0.28993 0.83254 0.46010 -0.10549
16 1042 1043 10.32897 4.84002 78.51425 -0.09431 -0.65396 0.55557 -0.50477
16 1043 1044 -4.37164 -2.97549 87.06393 0.41385 0.12665 -0.24554 0.86741
16 1044 1045 4.54213 6.48898 65.13676 -0.25735 0.12091 -0.35060 0.89232
16 1045 1046 4.30569 -7.84081 97.79191 0.89882 -0.17826 0.40033 -0.00911
16 1046 1047 9.60072 -1.42018 57.36288 -0.26524 0.45757 -0.59619 0.60401
16 1047 1048 -8.60023 3.33397 52.79487 0.21931 -0.66439 -0.56239 -0.44069
16 1048 1049 -5.16992 -6.90858 92.56124 -0.75589 0.44402 -0.26176 -0.40368
16 1049 1050 1.91275 3.79520 81.83225 0.76323 0.06802 0.36491 -0.52886
16 1050 1051 -7.15812 -0.91355 48.35362 -0.48698 -0.71682 -0.06127 -0.49524
16 1051 1052 -9.10160 9.12365 65.03081 0.44755 0.17997 -0.65690 0.57948
16 1052 1053 -4.06539 1.90592 62.71548 0.04924 -0.29383 -0.82614 -0.47826
16 1053 1054 -9.88799 -9.55170 68.85157 -0.52894 0.40849 0.64353 -0.37312
16 1054 1055 6.60525 9.78256 47.43837 -0.77719 0.38588 0.48863 -0.09117
16 1055 1056 -7.89693 -7.15192 67.61234 -0.12930 0.44090 0.58630 -0.66719
16 1056 1057 -2.99357 7.45314 90.63169 0.81656 0.41226 0.25817 0.31085
16 1057 1058 3.95459 6.34621 90.79461 -0.43480 -0.87674 -0.06890 -0.19371
16 1058 1059 -2.84216 -9.23204 63.52737 -0.70896 -0.25031 -0.46881 -0.46361
16 1059 1060 2.90740 7.22641 73.72003 0.12726 0.13620 0.96006 0.20866
16 1060 1061 3.56327 4.52390 91.12889 -0.46630 -0.67474 -0.25266 0.51328
16 1061 1062 8.84043 -7.86321 62.78254 -0.52389 0.53327 0.61605 -0.24828
16 1062 1063 -1.02541 6.60211 60.81753 0.15278 0.60504 0.58105 0.52247
16 1063 1064 -8.88913 7.08472 89.93802 0.35568 -0.00578 -0.00888 0.93455
16 1064 1065 -0.59686 -2.01412 70.51187 -0.81869 0.38602 0.29414 -0.30696
16 1065 1066 -8.58864 -4.54521 72.22384 0.00852 0.13803 0.79522 0.59034
16 1066 1067 7.49111 1.17727 50.27526 -0.56291 -0.61125 -0.35529 0.42810
16 1067 1068 -2.03113 0.44539 82.63777 -0.42522 -0.12109 -0.75171 -0.48934
16 1068 1069 -9.04735 -4.15214 70.05801 0.53260 0.00060 0.03089 -0.84580
16 1069 1070 10.22783 -2.93622 94.00203 0.49641 -0.65514 -0.12793 -0.55499
16 1070 1071 10.11613 2.83936 56.39377 -0.64374 0.02562 0.14608 -0.75074
1339 1071 1072 -5.70652 6.71655 34.49384 -0.21352 0.36415 0.60081 -0.67884
16 1072 1073 -9.81956 2.83279 96.14228 -0.10354 -0.18990 0.64865 -0.72971
16 1073 1074 -7.46316 1.68317 86.30535 -0.07701 -0.84998 -0.33720 0.39738
16 1074 1075 7.08362 0.05868 45.01276 -0.62066 -0.72037 0.28985 0.10883
16 1075 1076 -8.88566 -3.80475 71.72011 -0.07461 -0.34450 0.49937 -0.79145
16 1076 1077 -8.88678 -8.94595 90.77703 0.11258 -0.56473 0.78569 -0.22606
16 1077 1078 -0.07259 -0.57965 59.26008 -0.21403 -0.64271 0.65112 0.34228
16 1078 1079 6.01950 -8.77249 58.00756 -0.97077 -0.02028 0.20823 -0.11766
16 1079 1080 -2.41340 9.06466 58.28095 -0.27925 -0.32811 0.50398 -0.74858
16 1080 1081 4.06471 -4.13057 89.50740 -0.59740 0.04217 -0.59715 -0.53362
1339 1081 1082 -5.71512 6.87809 33.44661 -0.12095 0.41371 0.62947 -0.64652
16 1082 1083 4.29907 3.74682 56.73838 -0.04810 0.22635 -0.41665 0.87912
16 1083 1084 -0.03766 -8.53154 70.18959 -0.26446 0.32411 -0.64058 0.64395
16 1084 1085 8.12205 6.80212 80.75563 0.16922 -0.04227 -0.02292 -0.98440
16 1085 1086 9.96745 -0.37671 64.42769 -0.51020 -0.53134 0.59279 0.32555
16 1086 1087 5.90661 2.68436 96.78912 0.62162 0.72773 0.24231 -0.15901
16 1087 1088 1.22938 6.01898 55.65429 -0.47913 0.63579 -0.06773 -0.60135
16 1088 1089 6.49851 8.20595 46.71252 -0.59470 0.25318 0.65620 -0.38940
16 1089 1090 5.82737 7.85443 60.10755 0.73318 -0.16230 -0.21358 -0.62489
16 1090 1091 -5.33416 5.22918 57.80580 0.52624 0.36510 -0.63674 -0.42935
16 1091 1092 -5.13314 10.24946 85.73090 -0.22861 0.18583 0.35853 -0.88581
16 1092 1093 -3.79524 -7.66103 94.67579 0.11826 0.86584 -0.43928 0.20824
16 1093 1094 -4.91674 7.76582 89.88847 0.96102 0.22540 0.01012 0.15980
16 1094 1095 -4.67214 1.81490 92.92934 -0.17118 0.84536 0.41150 -0.29452
16 1095 1096 6.21744 4.55476 95.07509 0.68818 0.50607 -0.51956 -0.01876
16 1096 1097 3.76948 8.30235 54.67623 -0.76624 -0.38311 0.48292 -0.18137
16 1097 1098 -6.09875 -5.70768 90.40593 -0.62760 0.36506 -0.58949 0.35406
16 1098 1099 10.35880 -1.90904 89.15576 -0.18178 0.04405 -0.33246 0.92438
16 1099 1100 5.50723 4.25456 81.57019 -0.68194 0.05589 -0.41543 -0.59938
16 1100 1101 5.17588 -4.20726 87.69256 -0.33275 0.93336 -0.13433 -0.00863
16 1101 1102 -3.15761 -1.43402 50.76755 -0.57452 -0.32313 -0.68873 0.30194
16 1102 1103 3.02407 6.72733 57.14940 -0.26175 0.14930 -0.14886 -0.94183
16 1103 1104 4.72937 -0.19572 48.86844 -0.36611 -0.63271 0.60601 0.31368
1253 1104 1105 -9.28229 -1.67427 35.27961 -0.50673 0.67942 -0.11868 -0.51724
16 1105 1106 8.71560 -3.11806 95.33311 -0.69147 0.31016 -0.48433 -0.43715
16 1106 1107 -8.56588 -6.80951 48.92774 -0.46387 -0.56125 0.68330 -0.05407
16 1107 1108 10.24900 -4.20216 64.52458 -0.72545 -0.60209 0.22283 -0.24812
16 1108 1109 -6.87634 -3.30263 64.86890 -0.28727 -0.80296 -0.51421 0.09118
16 1109 1110 0.73116 8.88948 55.16900 -0.06961 0.95634 -0.22302 -0.17560
16 1110 1111 -3.93637 3.22115 96.33608 0.22409 -0.81564 -0.50508 0.17150
16 1111 1112 7.42317 5.96901 58.71530 0.78171 0.35354 0.43872 -0.26734
16 1112 1113 -1.73873 6.11447 77.83022 0.40711 0.06958 0.85637 -0.30992
16 1113 1114 -9.30267 -8.28340 55.02400 -0.47162 -0.45203 -0.74698 -0.12359
16 1114 1115 1.01939 2.70808 56.02726 -0.26536 -0.01475 -0.50326 -0.82225
16 1115 1116 7.33923 -1.47741 63.89834 -0.07940 -0.45137 0.22794 -0.85907
16 1116 1117 5.30182 -2.91688 57.77113 -0.03835 0.43287 -0.39626 0.80878
16 1117 1118 2.43328 -5.13306 50.25322 -0.09150 0.89093 0.08751 -0.43613
16 1118 1119 -3.69844 9.91860 97.57969 0.08087 -0.78037 0.61943 -0.02813
16 1119 1120 -3.49251 3.39137 61.18406 0.58029 -0.59092 -0.53543 0.16550
987 1120 1121 -0.67072 0.51752 98.79059 0.94250 0.32229 0.03495 -0.08128
16 1121 1122 7.88889 7.91820 72.24161 -0.43313 0.08953 -0.62543 0.64282
16 1122 1123 -5.05187 0.58432 46.91155 -0.50355 -0.73184 -0.02759 0.45835
16 1123 1124 -5.57253 -0.71545 51.65262 -0.66465 0.27183 -0.60997 0.33509
16 1124 1125 1.41301 -8.05050 59.96805 -0.57140 0.20548 0.44059 -0.66118
16 1125 1126 -0.42820 7.17787 85.06580 -0.41377 0.82989 -0.08965 -0.36337
16 1126 1127 -9.02894 -8.44919 86.80728 -0.80188 0.49020 0.27695 0.19997
16 1127 1128 -9.88356 -2.86865 76.28984 0.13390 0.76919 0.36565 0.50668
16 1128 1129 6.56175 6.99526 88.16776 0.76996 -0.54141 -0.02031 -0.33708
16 1129 1130 8.11086 7.53604 45.26652 -0.01119 0.04992 -0.81494 -0.57728
16 1130 1131 -7.14019 9.63185 64.34138 0.46457 0.16552 -0.85439 -0.16370
16 1131 1132 2.28947 1.68753 68.59648 0.64176 0.54311 -0.10366 -0.53144
16 1132 1133 2.01807 5.81307 78.29095 -0.74466 -0.11673 -0.12252 -0.64564
16 1133 1134 0.37948 1.30570 84.11871 0.20063 -0.63041 0.62639 -0.41227
16 1134 1135 -6.88286 -4.55900 64.94945 -0.30360 -0.00424 -0.75246 -0.58448
16 1135 1136 8.71062 -7.29019 57.43166 -0.17959 -0.23721 0.95424 0.02997
16 1136 1137 -0.23469 0.07294 64.25837 -0.94534 0.29545 0.12353 0.06157
16 1137 1138 -3.72506 4.42520 75.80498 0.80992 -0.00541 -0.08239 -0.58070
16 1138 1139 0.42272 -6.45410 91.82802 -0.59080 -0.63886 -0.29873 0.39189
16 1139 1140 4.96172 -3.59274 54.61378 0.69455 -0.30180 -0.56870 0.32109
16 1140 1141 -4.27022 -3.97290 77.83344 0.55066 0.73652 -0.05475 -0.38899
16 1141 1142 -8.57110 4.37150 87.22387 0.52964 -0.75896 0.18789 0.32887
16 1142 1143 -0.48813 7.36232 75.88432 0.15655 -0.57722 0.74937 0.28417
16 1143 1144 2.50805 -4.50101 62.20177 0.87705 0.43274 -0.11718 0.17261
1280 1144 1145 9.19134 0.72386 39.96622 0.67707 -0.58731 -0.17692 0.40662
16 1145 1146 4.58713 2.77349 51.32050 0.68000 -0.44357 0.39574 -0.42921
46 1146 1147 2.33546 7.40296 34.51934 0.75593 0.59398 -0.09014 -0.26005
16 1147 1148 -7.53483 7.38210 61.67219 -0.19010 0.48768 -0.53240 -0.66527
16 1148 1149 -3.04420 8.66151 57.98504 0.19209 -0.14200 -0.96535 -0.10508
16 1149 1150 -3.89831 -2.23512 97.21017 -0.54853 0.14517 -0.14213 0.81107
16 1150 1151 -0.17125 4.02864 71.02797 -0.21197 -0.01945 -0.58905 0.77956
16 1151 1152 -10.36430 -3.19047 66.53754 0.36048 -0.26449 0.83876 -0.31078
16 1152 1153 -4.35294 -4.37097 77.83203 -0.06194 -0.03030 -0.99266 -0.09939
16 1153 1154 6.46880 -7.48996 64.25714 -0.03697 -0.30185 0.92462 -0.22934
16 1154 1155 9.25050 8.65750 67.20970 0.20984 0.56448 -0.22930 0.76469
16 1155 1156 3.81383 -4.67907 57.00478 -0.02087 -0.23837 0.03499 0.97032
16 1156 1157 -10.37759 -9.61492 58.90928 0.65205 0.27912 0.70492 -0.00240
16 1157 1158 10.26077 -1.56328 84.38308 -0.13803 -0.91960 -0.36559 0.04024
16 1158 1159 7.88921 2.92824 86.73820 0.20612 -0.02635 -0.08840 -0.97417
16 1159 1160 10.09605 1.82227 69.18502 0.29929 -0.83159 0.46785 0.00005
16 1160 1161 0.25356 -4.93610 73.33744 -0.10252 -0.20126 0.36140 0.90464
16 1161 1162 -2.61963 -0.73482 53.71021 0.05000 0.13040 -0.77019 0.62233
16 1162 1163 9.47804 -2.94088 61.91137 -0.00809 -0.21304 -0.93629 0.27912
16 1163 1164 1.30670 -6.70452 94.95062 -0.84671 -0.25179 -0.06126 -0.46469
16 1164 1165 2.32606 1.17577 57.54496 -0.38323 0.89700 -0.21989 0.01296
16 1165 1166 0.34288 6.26885 64.46452 -0.36703 0.67972 0.01627 -0.63483
16 1166 1167 6.07449 9.63511 49.31892 0.17613 0.40539 0.18569 0.87758
16 1167 1168 9.06624 0.15734 59.05156 -0.59180 0.55061 0.46666 0.35893
16 1168 1169 -2.38543 0.13445 67.76303 0.47638 -0.37364 -0.75714 -0.24534
16 1169 1170 5.15776 7.59820 64.50009 -0.18109 -0.46979 -0.85692 0.11042
16 1170 1171 7.77354 -8.87395 77.61750 -0.35944 0.24284 -0.53355 0.72606
16 1171 1172 2.48615 -5.80315 90.74566 -0.15796 -0.93112 -0.05933 0.32334
16 1172 1173 -2.34005 -5.99817 92.93047 0.87941 -0.33756 -0.19747 0.27147
16 1173 1174 -6.68202 9.22635 73.42946 0.35403 0.47945 0.61951 -0.51088
16 1174 1175 7.74680 1.15017 85.84588 -0.02448 0.16779 0.38198 -0.90848
16 1175 1176 8.34318 0.26678 52.31187 0.01121 0.30193 0.52002 0.79893
16 1176 1177 6.95117 -3.49747 50.66682 -0.41507 0.54852 0.47167 0.55170
16 1177 1178 -9.96105 1.16184 97.47580 -0.47470 -0.62809 0.28621 -0.54612
37 1178 1179 -3.09340 -5.82845 36.98883 0.59543 0.53900 0.42549 0.41703
16 1179 1180 2.68011 -7.61934 80.91067 0.44132 -0.84840 -0.28312 -0.07277
16 1180 1181 2.35510 -6.17938 89.81988 0.18960 -0.83648 -0.48737 -0.16378
16 1181 1182 -1.90550 -3.32553 75.38346 -0.85266 0.28160 0.42996 -0.09384
16 1182 1183 1.63413 1.42866 54.58580 0.42977 0.16129 -0.82139 -0.33852
16 1183 1184 1.65934 -7.66439 42.20514 -0.32228 -0.81073 0.23689 0.42748
16 1184 1185 -6.62850 4.73420 66.38176 -0.01284 -0.69773 -0.54511 -0.46461
16 1185 1186 4.28054 8.66679 95.74028 -0.50087 -0.09254 -0.84734 0.15023
16 1186 1187 -7.81829 -7.74704 87.58640 0.79081 0.45872 -0.04645 0.40255
16 1187 1188 -9.76063 -4.04899 52.23727 -0.90541 -0.13607 0.24615 0.31802
16 1188 1189 3.32164 -10.06917 73.14092 0.87005 -0.18614 0.38449 0.24602
16 1189 1190 -10.12647 -5.44544 48.62650 -0.41199 -0.83579 -0.12513 -0.34068
16 1190 1191 -4.70326 9.20549 56.81482 0.85263 -0.39490 -0.02455 0.34127
16 1191 1192 8.28189 -7.56401 75.63133 -0.15236 0.60981 -0.56370 0.53586
16 1192 1193 3.35218 -7.86910 49.88672 -0.17376 0.05442 -0.81407 -0.55149
16 1193 1194 -9.06505 -3.89671 84.11500 0.51222 0.34264 0.54865 -0.56499
16 1194 1195 -5.05127 -4.18628 74.04834 -0.46575 0.60800 -0.61228 -0.19629
16 1195 1196 8.83230 -0.80770 78.73707 0.40439 0.49686 0.62191 -0.45037
16 1196 1197 -8.78760 10.18751 79.66781 0.88914 -0.29955 -0.14367 0.31474
16 1197 1198 4.72746 7.68124 42.53124 -0.56772 -0.71545 -0.37120 -0.16743
16 1198 1199 -4.03534 9.19317 51.33063 -0.60293 0.02194 -0.26376 -0.75261
16 1199 1200 9.88535 -5.25967 86.72742 -0.88482 -0.32773 -0.32205 0.07727
16 1200 1201 -8.97129 3.50609 98.21813 -0.96577 -0.04612 0.10001 -0.23486
16 1201 1202 -2.17498 -9.28269 53.05980 0.28404 -0.32047 0.48282 0.76388
16 1202 1203 -9.70893 1.08968 99.50397 -0.54722 -0.24978 0.75660 0.25635
46 1203 1204 7.97620 6.23611 40.16174 0.66716 0.44467 -0.08189 -0.59200
16 1204 1205 0.32399 -10.28058 79.08174 -0.42035 -0.77976 0.22563 -0.40542
16 1205 1206 -4.74134 6.32183 73.06293 -0.19802 -0.33914 0.25799 -0.88273
16 1206 1207 -0.95143 -4.06940 54.49792 0.07469 -0.86303 0.04877 0.49721
16 1207 1208 -2.22813 -6.36856 90.53467 -0.17534 0.41491 -0.07103 -0.88998
16 1208 1209 -7.34999 0.04162 91.17634 0.27005 0.67124 0.68893 -0.04332
16 1209 1210 3.40877 1.00104 80.80653 -0.20486 -0.75858 -0.35911 -0.50361
16 1210 1211 -2.99087 2.04178 52.65398 0.46321 0.64043 -0.56661 0.23289
16 1211 1212 -3.62509 7.36121 46.19131 -0.58406 -0.14749 0.49150 -0.62892
16 1212 1213 3.33355 -8.03429 67.95561 0.32560 -0.07192 -0.34004 0.87931
16 1213 1214 9.21018 1.61298 58.48703 -0.25695 -0.06353 0.12042 -0.95679
16 1214 1215 9.23015 -0.52387 96.29442 0.81261 0.57761 0.05804 0.05164
16 1215 1216 8.25071 -6.24269 52.12926 -0.48755 0.17123 -0.85560 -0.03031
16 1216 1217 9.44404 -0.90928 44.05657 -0.14111 0.69252 0.36956 0.60326
16 1217 1218 4.35632 2.30927 58.24238 0.32511 0.87571 -0.32297 0.15207
16 1218 1219 7.88875 -6.16834 58.10995 -0.36936 0.72716 0.56739 -0.11345
16 1219 1220 3.87695 3.25585 94.23510 0.51773 -0.71382 -0.19386 -0.42993
16 1220 1221 -6.55988 6.65211 97.91688 0.26723 -0.94940 0.11974 -0.11356
16 1221 1222 -0.02785 -9.26339 47.54760 0.46618 0.41428 -0.49627 0.60396
16 1222 1223 1.96599 5.90795 54.60663 0.18100 -0.03838 0.79432 -0.57864
16 1223 1224 1.44640 -7.75691 86.72805 0.44607 0.69777 -0.02809 -0.55978
16 1224 1225 1.63562 7.31610 83.84464 -0.44801 -0.72087 -0.50017 0.17163
16 1225 1226 8.42356 5.76420 58.67800 0.57236 -0.52751 -0.47740 -0.40772
16 1226 1227 5.21068 9.70880 55.28527 0.05439 0.05023 0.62621 0.77613
16 1227 1228 -6.29834 2.88625 68.49915 0.95980 0.07169 0.19183 -0.19196
16 1228 1229 -10.18261 2.46505 97.99431 0.01615 0.87043 0.48343 -0.09155
16 1229 1230 1.30295 9.52610 74.34856 0.29802 0.47108 -0.69445 -0.45498
16 1230 1231 -0.23546 4.03225 85.15994 0.52836 -0.43443 -0.56234 -0.46464
16 1231 1232 -1.62173 6.86152 89.69499 0.69933 -0.12536 -0.70144 -0.05653
16 1232 1233 4.26802 1.16372 95.53662 0.68972 0.43668 -0.56618 0.11415
16 1233 1234 -7.52500 -4.66932 62.42971 0.90771 0.08647 -0.01227 -0.41040
16 1234 1235 4.82557 4.54109 51.59347 -0.07869 -0.53382 -0.10719 -0.83508
16 1235 1236 2.29121 4.24392 74.54361 0.63716 0.26653 -0.67131 -0.26893
16 1236 1237 2.80322 -2.87723 61.09067 -0.02667 -0.11063 -0.97710 -0.17977
16 1237 1238 -5.40508 -3.33489 59.90788 -0.50811 0.45806 -0.63174 -0.36457
16 1238 1239 -8.29583 -5.48867 45.10253 -0.75147 -0.63342 0.01426 -0.18402
16 1239 1240 -0.84845 3.42261 63.94452 -0.18926 0.50471 0.58218 -0.60870
16 1240 1241 9.28768 -5.89089 78.69370 -0.45596 0.16975 0.74408 0.45786
16 1241 1242 5.34156 6.72356 92.33377 0.00411 -0.85279 0.26356 0.45085
16 1242 1243 1.43979 -7.62519 42.56163 0.38925 0.21113 0.78770 0.42829
16 1243 1244 7.77295 2.72035 61.40028 0.64518 0.09833 -0.75217 0.09116
16 1244 1245 -4.61632 -5.03549 93.64931 0.79410 0.35094 -0.35019 -0.35159
16 1245 1246 -1.85595 -4.80874 73.76094 -0.12545 0.70763 -0.17016 0.67422
16 1246 1247 9.43764 -2.63765 91.32948 -0.43048 -0.73454 0.49054 0.18576
16 1247 1248 -4.71725 9.32327 64.19377 -0.82207 0.36843 -0.43037 -0.05692
16 1248 1249 -8.16382 3.37965 94.21229 -0.01108 -0.54464 0.57314 0.61217
16 1249 1250 9.21626 6.32184 49.40296 0.64198 0.66538 -0.34781 -0.15547
16 1250 1251 -7.66901 -6.64758 97.75322 -0.83910 0.50220 -0.20890 0.00868
16 1251 1252 6.10959 -7.65621 65.91484 -0.98519 -0.04495 0.09864 -0.13289
16 1252 1253 -5.49752 0.35633 50.09077 -0.81531 0.56163 0.02835 0.13798
16 1253 1254 8.36642 5.13053 55.14418 0.24803 0.52429 -0.81373 -0.03808
16 1254 1255 9.32668 7.80857 59.84696 0.16807 -0.95977 0.22193 -0.03667
16 1255 1256 -1.11871 9.96252 70.08966 -0.48364 -0.20790 0.74207 -0.41497
16 1256 1257 -10.40324 3.07317 68.14560 0.04398 0.08400 -0.92304 -0.37285
37 1257 1258 -0.34373 6.11146 39.93274 0.30586 0.36016 -0.46505 -0.74864
16 1258 1259 2.39819 -0.97232 72.71276 -0.80076 -0.00026 -0.59453 0.07286
16 1259 1260 9.11906 2.81423 82.50422 -0.33014 0.60211 0.72205 0.08434
16 1260 1261 10.32855 -4.86688 80.31669 -0.75789 0.30620 -0.48997 0.30293
16 1261 1262 5.41721 8.08395 55.77096 0.83704 -0.10317 -0.49360 -0.21232
16 1262 1263 4.78445 6.56368 82.57404 0.00741 0.81300 0.02781 -0.58155
16 1263 1264 -0.66348 -6.22808 82.35399 0.76111 0.27208 -0.57984 -0.10234
16 1264 1265 -6.79868 -4.77727 82.99122 0.00311 0.37525 0.24621 0.89362
16 1265 1266 8.51498 5.67213 79.98285 0.47176 -0.32386 0.71010 -0.41026
16 1266 1267 -4.73662 1.62754 51.13815 0.52883 0.78896 -0.03763 0.31058
16 1267 1268 -3.19852 4.30287 96.38035 0.09020 -0.72004 -0.55786 0.40274
46 1268 1269 4.23299 5.64833 38.13246 0.50494 0.30092 -0.52448 -0.61596
16 1269 1270 -1.90810 0.15003 73.96412 0.71286 -0.64447 -0.21541 -0.17343
16 1270 1271 -9.36568 8.71970 99.90698 0.33239 0.43902 0.82713 0.11242
16 1271 1272 -3.57889 -8.43694 77.57041 -0.70131 0.63781 0.18754 0.25728
1102 1272 1273 -9.01147 -6.52058 45.85240 -0.75105 -0.49817 -0.14809 0.40720
16 1273 1274 0.00566 9.77645 78.50130 -0.67059 -0.02818 -0.34102 -0.65820
16 1274 1275 -6.88442 7.20612 85.62744 -0.79763 -0.05101 0.30837 0.51584
16 1275 1276 6.43752 9.74316 98.68142 -0.41812 0.16872 0.28479 -0.84593
16 1276 1277 -1.77105 8.02915 86.32801 -0.28315 0.30083 0.74408 -0.52504
16 1277 1278 8.87060 8.93132 92.75474 0.01760 -0.25886 0.88551 0.38542
16 1278 1279 -4.65707 5.35077 80.33937 0.07133 -0.47702 -0.26190 0.83592
16 1279 1280 9.55210 0.98500 45.63483 -0.79789 0.44209 0.37677 -0.16116
16 1280 1281 6.67402 1.97671 62.08359 0.83625 -0.17371 -0.39650 -0.33659
16 1281 1282 -8.38666 -4.77880 87.30846 -0.43219 0.54995 0.69853 -0.15108
16 1282 1283 -2.75286 -4.20865 91.02227 0.47563 -0.11770 -0.21741 -0.84419
16 1283 1284 1.99162 -0.15388 52.32250 0.54044 -0.19649 -0.33388 -0.74688
16 1284 1285 9.66772 5.59672 98.90938 0.50201 -0.12612 0.66170 0.54243
723 1285 1286 6.43035 -5.75450 33.09003 0.06163 -0.00475 0.72810 -0.68268
16 1286 1287 2.52443 -8.15710 41.94937 -0.37492 -0.74700 0.30516 0.45640
16 1287 1288 2.55871 9.54728 53.54533 -0.32650 -0.66746 0.66793 -0.04198
678 1288 1289 -6.66779 -0.14937 38.25019 -0.62217 0.52892 0.55111 0.17152
16 1289 1290 -0.35234 7.35923 57.25135 0.67464 -0.02525 0.59794 0.43208
16 1290 1291 -1.02485 9.46985 69.78198 -0.46973 -0.31024 0.79062 -0.24088
16 1291 1292 7.50085 7.52890 60.45652 0.09813 -0.10541 0.71359 0.68560
16 1292 1293 5.36320 6.31671 45.54144 0.29341 -0.26093 -0.64125 -0.65926
723 1293 1294 6.89082 -5.89107 32.13124 0.23652 -0.23155 0.72688 -0.60173
16 1294 1295 -5.97987 3.83488 80.76313 0.32906 0.27301 0.82561 0.36818
16 1295 1296 -0.14775 8.89947 98.94807 -0.09184 0.14963 -0.98445 -0.00569
16 1296 1297 4.98942 9.62841 94.33015 0.61369 0.55027 0.03259 0.56527
16 1297 1298 2.31851 -2.73628 96.00053 0.46301 0.45995 0.28194 -0.70326
16 1298 1299 2.73189 9.39607 59.46661 0.64576 0.64219 -0.37169 -0.18008
16 1299 1300 7.26048 -4.47540 91.13969 -0.20971 -0.61616 0.02929 -0.75863
16 1300 1301 -8.87926 -6.02884 92.96899 0.45775 0.05697 0.48312 0.74419
16 1301 1302 -10.15683 -1.83742 75.55391 -0.93528 0.33120 0.02527 0.12212
1253 1302 1303 -9.25534 6.19063 36.37468 -0.60723 0.63742 -0.07962 0.46758
16 1303 1304 -7.11183 -6.91420 67.89427 -0.23136 0.14164 0.42699 -0.86261
16 1304 1305 1.36587 8.75501 73.49542 0.38322 0.42265 -0.48504 0.66276
16 1305 1306 -5.52576 -7.07647 66.98362 0.88312 0.09702 0.43942 -0.13263
16 1306 1307 -1.84257 4.88757 97.20673 0.77996 0.42399 0.08767 0.45189
16 1307 1308 2.08138 -1.90786 72.86060 -0.94616 -0.17428 -0.17685 0.20769
16 1308 1309 -10.12877 -0.75762 69.53626 -0.30409 0.23135 -0.92412 0.00135
16 1309 1310 -9.82877 0.18237 98.56084 -0.27006 -0.40535 -0.40662 -0.77293
16 1310 1311 -4.04778 3.66569 70.61084 0.82230 0.18272 0.33125 0.42510
16 1311 1312 -1.29720 3.51365 93.91268 0.51843 -0.68580 0.44404 -0.25246
16 1312 1313 -5.63030 -3.33759 92.17022 0.05980 0.81840 -0.28920 -0.49296
16 1313 1314 1.32477 5.85477 93.21037 0.41955 0.66502 -0.51819 -0.33647
16 1314 1315 -10.27108 -3.15587 51.50859 -0.08931 -0.15967 0.26833 0.94580
16 1315 1316 -6.60905 -1.78688 78.23791 -0.58996 0.52242 0.00033 -0.61565
16 1316 1317 10.00589 6.77364 43.19520 -0.07164 0.26352 -0.67532 -0.68511
16 1317 1318 -7.58306 -9.85929 91.59658 0.54859 0.34927 0.75442 -0.08891
16 1318 1319 8.96721 -10.33034 70.52710 -0.38050 -0.74629 -0.16966 -0.51913
16 1319 1320 -6.45018 8.06341 61.77720 -0.48461 0.61116 0.38924 -0.49003
16 1320 1321 7.16006 5.21498 84.77392 0.48741 0.07893 -0.85841 -0.13903
37 1321 1322 6.38230 -8.12958 43.03088 -0.73376 -0.18458 0.54057 -0.36785
16 1322 1323 -10.19608 -7.60617 80.72521 -0.08063 0.88642 -0.45345 -0.04627
16 1323 1324 -8.55528 -4.28577 52.18305 -0.74229 -0.35072 -0.33186 -0.46462
37 1324 1325 -5.13589 7.14872 36.90071 0.74795 0.20400 -0.63044 0.03882
16 1325 1326 4.74921 -8.57177 98.21561 0.79352 -0.23746 0.55201 -0.09608
16 1326 1327 -5.52397 -9.39833 55.06611 -0.41871 -0.65975 -0.09675 0.61649
16 1327 1328 7.38625 -1.80338 52.25485 -0.94003 0.27826 0.09125 -0.17488
16 1328 1329 -7.30254 8.17537 78.49884 0.36494 -0.65963 0.55840 0.34626
16 1329 1330 5.19839 -6.62832 85.95091 0.12612 0.63110 -0.63170 0.43216
16 1330 1331 9.29354 0.37635 86.00327 -0.03110 -0.53411 -0.19453 -0.82214
16 1331 1332 -8.44561 -0.04292 85.00323 0.28100 -0.10673 -0.63264 -0.71373
16 1332 1333 -1.11100 -7.63277 85.13647 -0.64710 0.13492 -0.74711 -0.06995
16 1333 1334 -0.47877 0.67797 99.60619 0.50277 0.33061 -0.43399 -0.67050
16 1334 1335 -2.30021 -9.60344 88.40847 0.05829 0.11122 0.12279 -0.98446
16 1335 1336 -5.03123 7.17464 51.13757 0.86250 -0.28442 0.38174 0.17167
16 1336 1337 -1.02912 -0.22178 81.82518 0.35473 0.00064 -0.66669 0.65551
1212 1337 1338 -2.72488 7.23583 45.28708 0.09278 0.03677 0.27827 -0.95530
16 1338 1339 0.22717 2.73454 52.66033 0.90405 -0.30625 -0.16520 0.24824
16 1339 1340 9.99354 -0.70515 63.54984 -0.61259 -0.43192 -0.56670 0.34208
16 1340 1341 9.60729 -3.24140 62.33833 0.98690 0.07017 -0.11355 0.09066
16 1341 1342 6.84784 0.03330 47.76627 -0.42355 0.17348 0.84219 0.28500
16 1342 1343 -7.69234 7.76405 53.23753 0.37949 0.92084 0.07671 -0.04631
16 1343 1344 -9.20775 -1.99300 63.26407 -0.56219 0.47503 -0.64921 0.19187
16 1344 1345 -5.14287 6.28895 91.97751 0.01624 0.30452 0.47135 -0.82755
16 1345 1346 5.86736 -3.78078 67.29256 -0.34100 -0.32858 0.84846 -0.23635
16 1346 1347 -7.46323 -10.34751 91.50610 0.59121 -0.53524 0.37930 0.46918
37 1347 1348 9.62755 -8.19910 39.44155 -0.78053 -0.18699 0.59107 0.08033
16 1348 1349 -2.90166 8.79434 79.09980 0.65237 0.51771 -0.14542 -0.53409
16 1349 1350 -3.05348 -10.46419 58.24749 0.08912 -0.98860 -0.12008 -0.01757
16 1350 1351 -2.23703 7.15846 71.64746 -0.19843 -0.97814 -0.02081 0.05868
16 1351 1352 -0.61519 -3.76767 57.41442 0.60049 -0.27419 0.57841 0.47924
16 1352 1353 -2.02746 8.01725 82.11150 0.78563 0.19109 -0.39458 0.43656
16 1353 1354 -7.85728 -4.82076 63.71378 -0.11211 -0.85808 0.05873 0.49767
16 1354 1355 -9.07611 -6.71110 44.57054 -0.65229 -0.56882 0.29524 -0.40471
16 1355 1356 2.24359 -1.36421 88.01591 -0.74264 0.13124 0.65664 0.00907
16 1356 1357 -2.07630 3.29959 91.63008 -0.23717 -0.78474 0.12913 0.55790
16 1357 1358 -9.96218 -3.46070 51.26652 -0.03734 0.17589 0.35173 0.91867
16 1358 1359 -10.01953 2.99729 64.08112 -0.13301 -0.83027 -0.18637 -0.50817
16 1359 1360 4.77298 8.62941 99.52688 0.04783 0.22287 -0.40842 -0.88388
16 1360 1361 9.90737 -0.28608 80.75513 0.44653 -0.85968 0.11405 -0.22035
16 1361 1362 -4.58227 7.97104 48.15817 0.01633 0.40868 -0.68838 -0.59904
16 1362 1363 8.32531 2.77768 86.79743 0.50615 -0.83008 0.17600 0.15428
16 1363 1364 -8.99250 -2.18343 62.26496 -0.70935 0.24633 -0.65945 -0.03576
16 1364 1365 -2.43113 9.46582 74.65532 -0.13931 -0.09375 -0.97159 0.16679
16 1365 1366 4.24297 6.06269 43.59606 -0.07305 0.30933 -0.76445 -0.56089
16 1366 1367 -1.44443 6.74808 69.95420 -0.34345 -0.78912 -0.25646 0.43996
16 1367 1368 6.71998 5.69407 68.76495 0.13862 0.83208 0.39671 -0.36201
16 1368 1369 7.48533 -8.26162 81.88547 -0.51808 0.67939 0.21111 -0.47482
16 1369 1370 -3.57514 8.87016 80.89204 0.77768 0.53832 0.00034 0.32468
16 1370 1371 -4.01568 4.90646 86.07615 -0.11596 -0.90419 -0.24209 -0.33224
16 1371 1372 0.95675 -2.94277 55.58672 0.08382 -0.24776 0.96036 -0.09639
16 1372 1373 -2.47601 -4.09471 58.92612 -0.19104 -0.91264 -0.31246 0.18157
16 1373 1374 6.40961 -3.79332 81.11403 -0.80862 -0.19686 -0.35768 0.42361
16 1374 1375 -2.37063 -8.08694 79.50034 -0.82002 -0.47838 -0.12016 -0.29032
16 1375 1376 -4.08632 -0.30333 97.51461 0.53712 -0.25634 -0.47792 0.64604
16 1376 1377 1.95540 9.02627 92.95927 0.72055 -0.32977 -0.49430 -0.35738
16 1377 1378 10.07385 -9.59105 78.40475 0.29350 0.26475 0.90105 0.17854
16 1378 1379 -9.98299 -4.81425 96.32099 0.35674 -0.63062 0.50986 -0.46379
16 1379 1380 7.07237 -9.19638 97.62383 0.33667 0.21302 0.85782 0.32470
16 1380 1381 -8.83955 -8.45701 75.21521 -0.23750 0.05365 0.44676 0.86088
16 1381 1382 -8.11675 4.50632 94.55012 -0.05024 -0.73621 0.61569 0.27641
16 1382 1383 -2.52717 5.94986 91.22463 0.18019 -0.56488 -0.40660 -0.69507
16 1383 1384 -4.84073 -1.37356 62.85717 -0.10317 -0.72571 -0.47548 0.48643
16 1384 1385 -6.80359 4.52480 43.08828 -0.50045 0.86225 -0.01027 0.07733
16 1385 1386 -9.55616 1.88078 67.55581 -0.32692 -0.20666 -0.92103 0.04598
16 1386 1387 -2.89495 4.92553 93.51021 0.86081 -0.39360 -0.04420 0.31959
16 1387 1388 4.20730 0.08961 49.22996 -0.15017 -0.63112 0.52909 0.54700
16 1388 1389 -9.46949 4.02682 71.29517 0.48221 -0.37938 -0.46705 -0.63672
16 1389 1390 7.08357 -1.77311 86.57220 0.06230 -0.36750 0.83702 -0.40057
16 1390 1391 -5.70505 9.26915 63.86453 0.21055 0.09821 -0.94056 -0.24772
16 1391 1392 7.75514 -10.16656 61.91992 0.00050 0.81169 -0.07094 0.57977
16 1392 1393 6.59527 8.16694 96.63903 -0.39171 0.84077 0.01964 0.37320
16 1393 1394 1.23618 -7.36966 60.17052 -0.52768 -0.12109 0.46202 -0.70245
16 1394 1395 4.63971 7.49101 56.75178 -0.08128 -0.33880 -0.47425 -0.80851
16 1395 1396 -1.80715 -4.35156 62.29538 0.43586 -0.44882 -0.63818 -0.44868
16 1396 1397 8.58762 4.31720 44.99832 0.44749 -0.67476 -0.35458 -0.46768
16 1397 1398 9.80112 7.42268 55.58712 0.55013 -0.28818 0.73771 -0.26473
723 1398 1399 7.39601 -5.00897 40.86998 -0.60390 -0.40155 -0.48061 -0.49303
16 1399 1400 -10.19623 6.11174 48.32329 0.64672 0.34869 -0.59742 0.32133
16 1400 1401 8.51575 6.60287 52.19038 -0.22849 0.32549 0.53487 -0.74550
16 1401 1402 -7.41286 -3.63087 69.59214 -0.12832 -0.89629 0.42325 0.03268
16 1402 1403 -7.59714 -0.45998 58.62945 0.24913 0.45744 0.19738 -0.83049
16 1403 1404 -10.22858 -5.71675 86.86902 0.60165 0.46944 -0.29113 -0.57697
16 1404 1405 -2.60940 -7.76141 71.15028 0.40535 -0.44463 -0.76032 -0.24476
16 1405 1406 -4.92766 -6.14170 62.96397 0.30946 -0.93713 0.12304 0.10435
16 1406 1407 6.62305 -9.33513 93.14944 0.64033 -0.40733 -0.34545 -0.55202
16 1407 1408 -7.41952 -4.39354 89.63998 -0.06844 0.84747 -0.49418 0.18140
16 1408 1409 9.17565 -2.72619 88.63981 -0.31167 -0.84508 0.37363 0.22160
16 1409 1410 7.52796 -6.64811 70.43187 -0.26261 -0.70522 0.21420 0.62275
1253 1410 1411 -7.58106 0.99561 41.20710 -0.74582 0.49685 0.40442 0.18257
16 1411 1412 -2.99718 -1.75294 66.28003 -0.72886 0.56495 -0.25134 -0.29398
16 1412 1413 -8.66433 1.17961 51.70618 -0.23839 -0.19054 -0.49074 -0.81611
16 1413 1414 0.63481 4.09714 98.03031 0.66491 -0.27408 -0.00963 -0.69475
16 1414 1415 -0.73125 -6.33868 48.58649 -0.46138 0.22956 -0.51923 -0.68179
16 1415 1416 5.47331 0.34876 54.21018 0.43722 0.82190 -0.11866 0.34532
16 1416 1417 1.33871 -10.29851 98.80949 0.39584 -0.73428 -0.06103 0.54811
16 1417 1418 -6.37792 7.85433 47.27237 -0.07933 0.10645 0.32270 -0.93714
16 1418 1419 -2.46435 6.69572 42.06653 -0.63300 0.68630 -0.35455 0.05095
858 1419 1420 -2.34102 -6.82524 34.88826 0.40992 0.64408 -0.38441 -0.51899
16 1420 1421 -10.34736 5.29046 83.20229 -0.73788 -0.26078 0.55584 0.28029
1339 1421 1422 -6.47088 7.44154 32.25407 -0.36636 0.36952 0.62326 -0.58377
16 1422 1423 5.55459 5.15777 82.91851 -0.69454 0.51033 0.45024 -0.23338
16 1423 1424 8.77678 -5.95437 75.93299 0.33022 0.53675 -0.25831 0.73221
16 1424 1425 3.98230 5.19050 52.96923 0.52570 -0.67741 -0.12931 -0.49803
16 1425 1426 -9.01755 10.25091 64.10209 0.60454 0.31336 0.36708 -0.63371
16 1426 1427 7.30094 -10.22513 59.35109 -0.19911 -0.96056 -0.19157 0.03145
16 1427 1428 -3.32982 8.53442 95.80402 0.39496 -0.42004 0.02730 -0.81659
16 1428 1429 -7.72460 -10.40640 73.47114 0.53481 -0.84194 0.06270 0.03445
16 1429 1430 6.68609 6.67119 96.14328 -0.61454 0.49458 0.46152 -0.40587
16 1430 1431 -3.86912 -9.78470 86.37596 -0.42910 -0.29052 -0.71208 0.47372
16 1431 1432 0.64619 -5.43543 81.90068 -0.06159 -0.10724 -0.87097 -0.47551
16 1432 1433 8.39141 10.17376 53.37821 -0.45906 0.69973 0.47112 0.27875
16 1433 1434 -8.83262 8.35743 88.55971 -0.25737 -0.88093 0.31243 -0.24516
16 1434 1435 7.07786 10.29322 62.04843 -0.31496 0.61693 -0.00010 -0.72125
16 1435 1436 3.82722 -5.15830 97.06339 0.11047 0.49741 -0.56420 -0.64966
16 1436 1437 -0.92834 4.52844 53.82160 -0.17225 0.90298 -0.28063 -0.27606
16 1437 1438 -9.22619 -10.49143 53.45038 0.26329 -0.71151 -0.36239 0.54140
16 1438 1439 2.12546 -9.26699 93.43856 0.18594 -0.26330 -0.65987 -0.67873
16 1439 1440 -8.23158 2.72452 88.94707 -0.78058 -0.28591 0.33946 0.44013
16 1440 1441 -6.10253 -2.07285 65.96569 0.35424 -0.89241 -0.21635 0.17693
16 1441 1442 4.70518 7.48468 67.19565 -0.27459 0.36975 -0.58428 -0.66821
16 1442 1443 -2.00757 -7.10523 68.24405 -0.51237 0.48574 -0.43407 0.55957
16 1443 1444 1.26566 -7.46422 71.06599 -0.52389 0.67497 0.01686 0.51929
16 1444 1445 -4.31252 1.34314 71.48786 0.14016 0.24877 0.38834 -0.87616
16 1445 1446 3.06344 -8.53309 69.21391 -0.29026 -0.22052 0.33831 0.86756
16 1446 1447 9.86301 4.34910 69.50606 -0.18478 -0.66394 0.71862 -0.09288
16 1447 1448 9.85999 3.07177 71.74411 -0.77033 -0.35052 0.01466 0.53247
16 1448 1449 5.77252 5.43274 74.90553 -0.41779 -0.16688 0.89181 -0.04773
16 1449 1450 9.78658 1.94958 56.22212 0.10099 -0.64811 0.54219 -0.52514
16 1450 1451 7.31676 -0.16921 82.53093 0.62425 0.73848 -0.13695 -0.21496
16 1451 1452 6.68000 -8.71197 50.53410 0.69418 0.03172 -0.70845 -0.12330
16 1452 1453 2.70302 -1.55021 61.69557 0.72452 0.37286 -0.50908 0.27729
16 1453 1454 6.83267 10.05630 84.94711 0.45099 0.75004 -0.44480 -0.19028
16 1454 1455 1.62959 -3.65153 71.32327 -0.53943 -0.46267 -0.06589 0.70043
1253 1455 1456 -9.59852 6.12553 35.47293 -0.64122 0.54288 -0.48145 0.24964
16 1456 1457 6.57282 3.93428 66.83076 -0.57066 0.75798 -0.29685 0.10819
16 1457 1458 -2.18579 5.25753 72.27950 -0.39012 -0.57762 0.62234 -0.35617
16 1458 1459 -6.55086 -6.20914 95.59104 -0.23726 0.75312 0.53526 0.30004
16 1459 1460 7.54157 -6.06563 97.64078 0.88466 0.39992 0.04512 0.23539
16 1460 1461 2.77014 -9.14679 83.45820 0.55507 0.18464 -0.77864 -0.22698
16 1461 1462 6.49025 1.66556 69.93775 0.80347 -0.29362 0.51073 -0.08589
16 1462 1463 8.44985 9.99514 54.33430 -0.01652 0.82511 -0.15935 -0.54178
37 1463 1464 -2.79192 6.16504 36.29394 0.62587 0.14041 -0.76658 0.03037
16 1464 1465 3.81010 3.77990 78.45674 -0.32928 -0.54294 -0.55542 -0.53693
16 1465 1466 -8.17905 4.44401 51.01239 0.51686 0.37998 -0.43171 0.63411
16 1466 1467 -1.82570 -9.87953 59.42690 -0.45841 0.76629 -0.23695 -0.38278
16 1467 1468 3.83040 6.88729 90.23842 0.72671 -0.49789 -0.18440 0.43588
16 1468 1469 10.05108 2.78947 87.03346 0.92083 -0.07968 -0.37635 -0.06383
16 1469 1470 -7.76254 -7.08221 78.14048 0.52539 0.46695 -0.09005 0.70556
16 1470 1471 9.70033 1.09577 67.70557 0.61089 -0.21590 -0.13235 -0.75012
16 1471 1472 5.92570 -0.36431 95.69092 -0.73565 0.43051 0.39040 -0.34795
16 1472 1473 -2.25085 6.91245 48.28368 -0.42863 -0.75944 0.32749 -0.36371
16 1473 1474 -10.45550 1.83496 83.40363 -0.35735 0.39816 -0.50938 -0.67402
16 1474 1475 -5.59702 3.80998 74.27700 0.31160 0.77302 0.50300 -0.22877
16 1475 1476 4.83803 6.50839 79.75805 0.90313 0.23757 0.31879 -0.16212
16 1476 1477 -3.01401 7.66928 84.49724 0.05705 0.90783 0.33810 -0.24140
1339 1477 1478 -6.33420 7.39046 31.22575 -0.36115 0.39755 0.58783 -0.60496
16 1478 1479 9.73462 -6.11337 50.96137 -0.55667 -0.52771 -0.54917 0.33174
16 1479 1480 -10.47365 -2.51952 84.90040 -0.40426 -0.63921 -0.52475 -0.39065
1339 1480 1481 -6.23594 5.39420 44.27105 -0.79403 0.48177 0.36975 0.02657
16 1481 1482 5.20888 6.66624 90.73942 0.83292 -0.34759 0.30851 -0.30042
16 1482 1483 -1.63706 10.25761 56.16579 0.08855 0.53355 0.67973 -0.49544
16 1483 1484 7.23254 6.87318 73.56815 -0.80522 0.12771 -0.24442 0.52495
1284 1484 1485 3.86497 -6.76113 37.71421 0.60889 -0.51049 -0.26254 -0.54747
16 1485 1486 -1.91823 2.57130 84.77339 0.84154 -0.24600 0.36495 -0.31324
16 1486 1487 -1.39704 8.92688 77.33781 0.80623 -0.55016 -0.16574 -0.14087
16 1487 1488 7.62175 5.32587 93.72419 -0.42496 -0.19581 -0.22881 -0.85365
16 1488 1489 3.12471 -5.70217 68.57829 0.26871 -0.38882 0.56319 0.67781
16 1489 1490 -8.30366 4.40748 85.86541 -0.16297 -0.75389 0.04086 0.63515
16 1490 1491 -4.08949 -0.77748 53.88930 -0.06066 0.82144 -0.56454 0.05339
16 1491 1492 9.82316 -4.57292 50.95738 -0.12553 -0.51211 -0.74699 0.40496
16 1492 1493 1.11293 6.84056 95.98198 -0.10959 0.06594 0.65311 -0.74638
16 1493 1494 -9.99180 -2.06562 76.94089 -0.08145 0.51707 0.82214 -0.22383
16 1494 1495 3.06116 -8.52941 66.42322 -0.00809 0.24720 -0.38724 0.88819
16 1495 1496 -9.36612 -4.84428 96.41384 -0.26409 -0.24735 -0.29155 -0.88548
16 1496 1497 -1.84757 -4.58912 94.52727 0.63399 -0.32842 0.70005 -0.01151
16 1497 1498 8.75971 6.53792 72.67881 -0.77769 -0.30868 0.53795 0.10259
16 1498 1499 -6.20341 10.22677 62.29691 0.38899 0.67569 -0.59142 0.20581
16 1499 1500 4.85694 5.87050 87.86323 0.59443 0.29598 0.44299 0.60233
16 1500 1501 -7.33040 8.28183 63.43803 -0.96613 0.10739 -0.19976 -0.12309
16 1501 1502 -7.00274 -0.76881 96.18999 0.13544 0.11205 0.74562 0.64277
16 1502 1503 0.03983 -1.40660 90.26875 -0.38990 0.77491 0.33442 0.36832
16 1503 1504 -6.52990 1.88184 76.16670 -0.61145 -0.19052 -0.04845 -0.76648
16 1504 1505 -1.11203 8.94457 95.62294 0.24368 -0.54660 0.73877 0.30996
16 1505 1506 1.91156 10.31432 98.34499 0.12105 -0.64090 -0.75729 -0.03335
16 1506 1507 -6.87900 -3.74726 91.47016 -0.43431 0.84663 -0.20478 -0.22945
16 1507 1508 6.46072 -9.33769 75.54843 0.13218 0.94203 -0.21253 0.22345
16 1508 1509 -7.76109 -5.26727 65.54186 0.23043 0.58903 -0.77444 0.01336
16 1509 1510 -2.52811 6.54998 58.84605 0.53152 0.65934 0.37551 0.37650
16 1510 1511 -4.76379 -4.62101 70.40849 -0.09866 0.19513 0.23050 -0.94819
16 1511 1512 7.57798 -2.97837 56.41009 0.64209 0.45814 0.54929 0.27589
16 1512 1513 10.45443 -4.41727 69.57410 0.53437 -0.62021 0.57329 -0.03347
16 1513 1514 -6.67241 7.44625 83.56559 0.25770 -0.68022 -0.36204 0.58294
16 1514 1515 2.17727 -9.07712 59.25880 -0.66862 0.19434 0.29583 -0.65396
16 1515 1516 -9.48935 1.24370 61.84293 0.52329 -0.31326 -0.32487 0.72284
16 1516 1517 -2.59698 4.50259 53.68759 -0.55604 0.51190 -0.41680 -0.50503
16 1517 1518 0.54137 7.93626 69.52432 0.20050 0.23038 0.95127 0.04246
16 1518 1519 -10.12072 -6.63060 64.26129 -0.90920 0.28300 -0.28517 -0.10927
16 1519 1520 -9.01975 9.41409 42.58690 -0.47008 0.53728 0.18841 -0.67443
16 1520 1521 -1.73091 -2.18323 97.23927 0.75802 0.59569 0.24075 0.11226
16 1521 1522 -3.58978 -9.27143 85.69646 -0.41652 -0.42001 -0.76581 0.25227
16 1522 1523 9.65765 2.06299 91.92411 0.62234 0.02864 0.73781 -0.25983
16 1523 1524 -8.36765 -3.93727 84.06539 0.51336 0.52883 0.40024 -0.54462
16 1524 1525 -1.10916 -8.91341 51.61442 0.74799 0.39736 -0.36622 0.38536
16 1525 1526 3.90820 6.38006 74.37124 0.88893 0.44336 -0.11381 -0.01679
16 1526 1527 -1.02112 -1.52607 73.79714 0.92832 0.18013 0.06282 0.31911
16 1527 1528 5.52978 4.32111 86.57460 -0.10834 -0.43493 0.07607 -0.89068
16 1528 1529 7.54020 9.93632 82.97176 -0.87226 0.00607 -0.45802 -0.17131
16 1529 1530 9.85034 -5.65620 96.03531 -0.59778 0.20798 -0.34153 -0.69481
16 1530 1531 -2.85521 -7.61326 77.86228 0.14479 0.22261 -0.16145 0.95048
16 1531 1532 -3.26970 1.16402 74.41093 0.80977 0.39749 -0.37351 0.21624
16 1532 1533 -10.00254 -8.40476 41.81595 -0.26333 -0.47629 -0.56448 0.62061
16 1533 1534 9.28622 -1.55013 99.72353 0.85217 0.14926 -0.33749 0.37099
16 1534 1535 -0.69732 6.47449 98.36342 0.11440 -0.55090 0.44074 -0.69941
16 1535 1536 -8.93748 -6.15530 45.58773 -0.29843 -0.48442 0.71435 0.40740
16 1536 1537 -2.37715 1.53247 83.65255 0.17594 -0.47119 -0.25043 0.82723
16 1537 1538 3.26387 -3.20806 64.40564 0.79062 0.47736 -0.33478 0.18698
16 1538 1539 -4.92085 -10.18190 98.92368 -0.41030 -0.47144 0.71103 0.32223
16 1539 1540 -1.74398 -7.24801 97.27169 0.82484 -0.54394 0.14977 -0.03649
16 1540 1541 -0.26655 -7.94528 62.62296 0.20369 -0.43851 0.85709 -0.17780
16 1541 1542 -6.58068 8.22573 94.65529 0.39152 -0.34632 0.54400 0.65639
16 1542 1543 3.73235 1.40260 90.09895 0.66649 -0.53959 0.21390 -0.46784
16 1543 1544 -6.04146 2.58981 57.69502 0.75215 -0.06050 -0.34760 -0.55658
16 1544 1545 6.59985 7.07964 46.62773 -0.40057 0.83718 0.28664 -0.23771
1466 1545 1546 -10.44781 5.29415 47.58123 0.50999 0.31797 -0.23556 0.76375
16 1546 1547 4.71419 -8.52082 69.20655 -0.50721 -0.43765 -0.34633 -0.65670
16 1547 1548 -8.70859 -8.25193 58.38827 0.47134 0.06279 0.51044 -0.71649
16 1548 1549 -0.55977 7.75042 59.88604 0.17642 0.91872 -0.34417 -0.07983
16 1549 1550 2.79049 7.36288 43.75361 -0.52490 -0.77097 0.16097 -0.32275
16 1550 1551 -4.87692 -6.29744 69.49035 -0.37210 0.35057 0.37533 -0.77316
16 1551 1552 -5.98673 -7.56319 43.78620 -0.73535 -0.52388 -0.23288 -0.36136
16 1552 1553 1.93307 -3.62385 98.43059 -0.13632 0.37172 -0.42873 -0.81205
16 1553 1554 -1.62679 4.45176 95.66204 0.20889 0.94584 0.21865 -0.11805
16 1554 1555 -0.59395 -8.29405 63.47902 0.44871 0.52618 0.62199 -0.36732
16 1555 1556 6.38835 4.71169 55.68917 -0.14420 -0.42736 0.79675 -0.40221
16 1556 1557 -8.54407 6.77744 71.10466 -0.08649 0.83471 -0.49803 0.21851
16 1557 1558 -1.11107 -1.31801 64.74967 0.12880 0.94402 -0.21603 0.21348
16 1558 1559 3.37592 -8.64952 55.61117 0.08392 -0.89996 0.24719 0.34918
16 1559 1560 6.08527 6.70718 56.43514 0.25619 -0.75197 -0.32178 0.51514
16 1560 1561 -5.14521 -4.64633 73.92290 -0.68695 0.41272 -0.07484 -0.59343
16 1561 1562 -9.54585 7.84286 78.99196 0.01791 -0.95967 -0.10665 -0.25949
16 1562 1563 -1.05838 3.31473 55.08309 -0.69806 -0.01337 -0.68857 0.19598
16 1563 1564 9.98950 6.99663 62.57190 0.34898 -0.67256 0.40098 0.51487
16 1564 1565 2.61986 -5.32502 62.55425 0.27596 0.80467 -0.52301 0.05304
16 1565 1566 -6.84863 6.17557 71.01073 0.59207 0.61370 -0.09207 -0.51415
16 1566 1567 0.88489 -10.06873 92.72735 -0.16342 0.43431 -0.88402 0.05633
16 1567 1568 3.65973 -0.14695 55.40531 0.21327 0.52878 -0.68917 -0.44716
16 1568 1569 6.35694 -2.86055 70.84683 -0.39419 -0.66569 0.33281 0.53916
16 1569 1570 -2.94864 -7.67855 82.25576 -0.90124 0.03725 -0.26702 -0.33924
16 1570 1571 6.48669 1.81542 97.51447 0.22287 0.31347 0.87083 -0.30613
16 1571 1572 1.37023 6.57224 67.23387 0.52678 0.74300 -0.11810 0.39562
16 1572 1573 -8.22541 -7.32349 63.05634 -0.29315 0.54022 -0.23478 -0.75306
16 1573 1574 -5.62399 2.27828 86.98576 0.30792 -0.82835 0.44673 0.13949
16 1574 1575 1.87765 -2.66551 85.17277 0.30505 0.59520 -0.33099 -0.66568
16 1575 1576 2.03281 1.38401 82.94288 0.00527 0.00236 0.25557 -0.96677
16 1576 1577 -9.26712 6.39702 78.83436 0.07002 -0.65782 -0.68328 0.30901
16 1577 1578 6.30723 -9.48501 90.66893 0.25292 -0.29472 0.08320 -0.91774
16 1578 1579 -7.87863 -10.21595 77.80930 0.02057 -0.18974 0.95768 -0.21549
16 1579 1580 -4.90211 -6.69942 91.51895 -0.35707 0.43109 -0.75185 -0.34839
16 1580 1581 -2.42587 7.64146 62.56512 -0.83544 0.06526 0.51821 0.17099
16 1581 1582 5.66808 6.71022 61.43904 -0.16193 0.22096 -0.90455 0.32671
16 1582 1583 3.21918 2.97120 87.30192 -0.36559 0.83030 0.16921 -0.38512
16 1583 1584 3.70194 -2.18620 58.02137 0.48744 0.45494 -0.22972 -0.70899
16 1584 1585 1.10040 1.54156 55.18789 0.52579 -0.08346 -0.84598 -0.02985
16 1585 1586 -8.96746 -3.07252 46.20077 -0.34178 -0.35221 0.44918 -0.74658
16 1586 1587 5.09190 -6.68835 68.49967 0.36821 -0.88900 -0.22430 -0.15422
16 1587 1588 5.91150 -0.06369 54.27291 0.34520 0.89322 0.06610 0.28040
427 1588 1589 -10.17963 9.19051 32.16405 -0.19861 0.19333 0.69544 -0.66298
16 1589 1590 -5.67569 6.10523 63.79736 -0.85903 -0.01973 0.44055 0.25998
16 1590 1591 -8.79538 -2.65631 80.94396 -0.06609 0.42334 -0.28027 0.85899
16 1591 1592 5.55914 -0.95712 66.30403 -0.27547 -0.58158 0.69295 0.32510
16 1592 1593 -10.44315 1.14871 65.11776 0.14286 0.24084 -0.94893 -0.14531
16 1593 1594 5.23519 -4.51164 60.81825 -0.23515 -0.49959 -0.67007 -0.49610
16 1594 1595 9.79271 -1.47883 79.60448 0.60805 -0.03204 0.68227 -0.40467
16 1595 1596 -7.09028 5.28226 79.33307 0.18355 0.35719 0.88730 -0.22676
16 1596 1597 -7.01722 8.03821 63.25424 -0.67406 0.15407 0.63106 -0.35166
16 1597 1598 -8.03640 1.97480 98.21163 0.37947 0.44736 0.51132 -0.62803
16 1598 1599 4.87406 -6.59949 82.39877 0.65587 0.18949 0.48171 0.54944
16 1599 1600 -7.15088 -1.14069 81.71204 0.12035 -0.92026 0.34385 0.14285
16 1600 1601 -8.90819 -1.91407 76.90934 -0.17243 0.55208 0.48587 -0.65529
16 1601 1602 -4.63520 -6.25682 88.22869 -0.69275 0.39095 -0.09812 -0.59802
16 1602 1603 6.53646 9.97614 85.77311 0.64756 0.67315 -0.28524 -0.21489
16 1603 1604 -9.70494 -3.42774 50.95396 0.54886 -0.60887 0.55698 0.13344
16 1604 1605 8.50577 6.42795 79.61735 -0.09744 -0.99333 0.06159 0.00265
16 1605 1606 -4.04927 7.70203 94.15377 0.47709 0.50636 0.55133 -0.46046
16 1606 1607 -5.63170 -3.79507 55.65875 -0.58231 -0.18506 -0.26308 0.74663
16 1607 1608 -4.19503 5.70185 94.19194 0.39362 0.39170 0.62799 -0.54522
16 1608 1609 -4.88976 1.47576 80.63883 -0.74316 0.55375 0.37047 0.06181
16 1609 1610 2.02932 3.00403 97.09459 0.52507 0.15468 0.70991 -0.44318
16 1610 1611 -2.01335 -7.45070 81.02696 -0.97953 0.16482 -0.10780 -0.04172
16 1611 1612 -6.96836 2.82783 95.51526 -0.74266 0.06880 0.06530 0.66292
16 1612 1613 7.75759 5.94729 61.60817 0.93385 0.05444 0.33666 -0.10781
16 1613 1614 2.75564 6.51592 68.79535 0.34435 0.81269 0.09782 0.45978
16 1614 1615 -3.66574 -8.53276 63.36583 0.05567 0.48782 -0.85190 -0.18222
16 1615 1616 -5.05001 -1.61433 47.01298 0.32033 -0.21028 0.53729 0.75133
16 1616 1617 0.72435 9.83474 67.85082 -0.05319 -0.12092 0.86336 -0.48698
16 1617 1618 3.81565 9.18321 77.26930 0.13482 -0.93954 -0.12267 -0.28990
16 1618 1619 -10.48293 -3.15635 65.70240 -0.22664 0.78595 0.24090 0.52238
16 1619 1620 -6.46959 -9.95082 61.99809 -0.04711 0.52566 0.46286 -0.71220
16 1620 1621 -4.32000 6.50506 71.16356 -0.12663 -0.96890 0.02900 -0.21061
16 1621 1622 10.37969 2.83951 99.06448 -0.24269 -0.92945 0.26091 0.09568
16 1622 1623 -3.09881 -9.33340 73.80938 0.16035 -0.19341 -0.52219 0.81498
16 1623 1624 -3.54767 -3.32997 81.75847 0.76859 0.54845 -0.13095 0.30219
16 1624 1625 3.39943 4.25636 75.88348 0.58556 -0.80604 0.00780 0.08581
16 1625 1626 7.66620 -10.07934 92.88506 -0.32177 0.62073 -0.68210 0.21423
16 1626 1627 -5.06230 8.22714 58.81813 0.50732 0.52691 0.47527 0.48899
16 1627 1628 -9.13557 3.72910 98.71751 -0.87935 -0.31962 0.24869 0.25048
16 1628 1629 7.00478 3.42511 65.34556 0.18772 0.34256 -0.92055 0.00212
16 1629 1630 -8.21109 10.14408 98.71674 -0.21277 -0.26450 0.78867 -0.51261
16 1630 1631 -1.56110 -2.28428 63.35262 0.62956 0.44922 0.54113 -0.33021
16 1631 1632 4.27618 4.86160 53.78311 0.11719 0.84177 0.25066 -0.46353
16 1632 1633 -5.89529 -2.13561 75.80635 0.03089 0.15668 -0.92490 -0.34506
16 1633 1634 -8.02276 1.80426 56.86613 0.53713 -0.39372 -0.38396 -0.63958
16 1634 1635 2.91936 9.19846 69.21423 -0.23795 -0.02866 0.92828 -0.28436
16 1635 1636 -1.23235 -2.34871 92.58658 0.61934 0.45721 -0.54356 -0.33454
16 1636 1637 9.76527 6.08586 57.11060 0.34805 0.12398 -0.09252 -0.92462
16 1637 1638 -2.80847 7.06903 92.73193 0.34835 -0.32769 0.87631 0.05786
16 1638 1639 -9.34333 -8.34482 98.28896 0.08417 0.68698 -0.21213 0.68991
16 1639 1640 -6.62040 -2.04381 50.58613 -0.21745 0.75350 -0.52609 -0.32892
16 1640 1641 7.28223 0.64657 85.67648 -0.83128 0.40424 0.19712 -0.32667
16 1641 1642 9.87562 -8.59940 82.38294 -0.20534 0.54705 -0.66833 0.46034
16 1642 1643 2.35206 5.79802 77.00122 -0.06490 -0.43646 -0.41081 0.79782
16 1643 1644 -7.11879 -10.10052 77.42564 0.84041 0.09289 0.53384 0.00994
16 1644 1645 -5.23612 6.51117 84.54802 -0.63061 -0.70168 0.19173 0.27057
16 1645 1646 -7.86637 2.94501 78.95552 -0.93519 -0.13227 -0.27205 -0.18415
16 1646 1647 -5.66850 -4.49760 77.59737 -0.05210 0.49784 -0.07939 0.86205
16 1647 1648 10.14161 -0.56550 59.85800 -0.03562 -0.64169 -0.23418 0.72947
16 1648 1649 0.95522 9.72758 77.74478 0.50936 -0.56464 -0.51271 -0.39857
16 1649 1650 -7.02470 1.63766 78.34098 -0.10730 -0.36149 -0.91140 0.16480
16 1650 1651 -9.42215 -0.79454 93.89260 -0.60331 -0.40584 -0.59737 -0.33831
16 1651 1652 6.47707 -5.04946 72.48435 0.06434 0.09254 0.46743 0.87681
16 1652 1653 -7.35847 3.30208 53.17794 -0.02787 0.05557 -0.23754 0.96939
16 1653 1654 9.98790 8.99958 79.04677 -0.35446 -0.79966 -0.45688 -0.16178
16 1654 1655 -2.98226 -0.66951 65.04320 0.16545 0.98380 -0.04044 0.05587
16 1655 1656 -2.71350 -10.46046 88.16242 0.29715 0.11674 0.52038 -0.79201
16 1656 1657 -6.13653 4.63662 93.60602 0.69344 -0.16975 -0.33917 -0.61261
16 1657 1658 -4.94220 7.98623 74.37238 0.07053 -0.39515 0.65259 -0.64266
16 1658 1659 -4.09815 1.56702 59.36175 -0.58366 0.17747 -0.52217 -0.59598
16 1659 1660 7.39893 -7.76725 71.64971 -0.45407 -0.67514 0.21263 0.54110
16 1660 1661 7.83440 4.75909 79.07863 -0.70850 0.19125 0.45907 -0.50071
16 1661 1662 3.01762 -2.91208 51.07076 0.45699 -0.39752 -0.77963 0.15909
16 1662 1663 -10.20352 -3.68585 88.31608 0.52897 0.41587 -0.57785 0.46187
16 1663 1664 -8.61483 8.36597 65.24786 0.78365 0.18302 0.33366 0.49099
16 1664 1665 5.40297 2.62249 89.62190 -0.27340 -0.80472 -0.20249 0.48650
16 1665 1666 -5.06715 -6.36487 84.90836 0.19581 0.20124 -0.33863 -0.89805
16 1666 1667 7.56469 -5.85464 98.81922 0.89203 -0.31678 0.16740 0.27551
16 1667 1668 1.25422 -3.08915 92.30352 -0.41471 -0.57184 0.66191 -0.25076
16 1668 1669 9.79215 -1.27890 67.08478 0.04766 -0.27636 0.85763 0.43107
16 1669 1670 2.11581 0.72599 58.61771 -0.50087 0.05009 -0.85409 0.13095
16 1670 1671 0.80261 4.30142 69.77748 -0.04365 0.14440 -0.91523 -0.37362
46 1671 1672 2.41822 6.97065 34.56773 0.78176 0.61710 -0.08733 0.02043
16 1672 1673 1.54354 7.05194 75.18015 0.21201 -0.87524 0.05518 -0.43123
16 1673 1674 -4.41933 -1.66098 76.05402 0.09059 0.18143 -0.97825 -0.04355
16 1674 1675 -0.10255 -5.27953 86.39569 0.57532 -0.73218 -0.35394 0.08748
16 1675 1676 4.81147 -6.08745 60.22293 0.63854 -0.34106 0.34594 0.59688
16 1676 1677 6.30414 9.93532 55.26224 -0.89704 -0.21127 0.36469 0.13297
491 1677 1678 3.20188 -4.94418 97.09041 -0.44521 -0.15311 -0.29198 -0.83252
16 1678 1679 8.59542 -5.84566 69.06336 -0.68439 -0.37758 0.13570 -0.60880
16 1679 1680 3.03705 0.51367 65.23213 -0.54253 0.71448 -0.29806 -0.32609
16 1680 1681 6.52462 -3.46020 67.88939 -0.75213 0.04599 0.59013 -0.28970
16 1681 1682 -2.10733 9.40444 93.76321 0.89808 0.38034 -0.21837 -0.03327
1195 1682 1683 -8.36351 -4.97776 90.61695 -0.41385 0.58201 -0.66793 -0.20943
16 1683 1684 6.02188 3.98725 49.99336 0.55567 -0.60307 -0.57186 -0.02271
