713,707,5
713,689,3
713,656,4
713,235,2
713,233,5
713,220,5
713,43,2
713,77,5
713,268,2
713,280,4
713,308,3
713,340,3
713,445,3
713,497,3
712,672,3
712,667,3
712,666,4
712,664,4
712,660,4
712,644,2
712,642,3
712,601,5
712,577,2
712,562,3
712,227,3
712,214,4
712,186,4
712,183,5
712,177,2
712,167,2
712,164,1
712,162,4
712,149,3
712,142,5
712,138,3
712,133,2
712,129,3
712,33,5
712,31,4
712,17,5
712,76,4
712,83,4
712,90,2
712,109,4
712,264,5
712,265,4
712,311,4
712,323,5
712,397,3
712,406,4
712,415,5
712,416,5
712,428,4
712,434,5
712,492,4
712,498,4
712,503,5
712,518,4
712,525,4
711,562,3
711,49,5
710,704,4
710,703,3
710,643,5
710,607,5
710,601,5
710,589,5
710,587,2
710,579,3
710,561,5
710,559,1
710,558,3
710,557,5
710,551,4
710,255,3
710,241,4
710,234,5
710,230,4
710,222,1
710,190,5
710,186,3
710,178,4
710,173,4
710,168,2
710,156,5
710,134,2
710,57,2
710,38,3
710,2,5
710,26,4
710,62,4
710,95,4
710,100,2
710,273,4
710,290,4
710,311,5
710,371,3
710,388,5
710,397,4
710,406,5
710,428,5
710,460,4
710,466,2
710,474,4
710,492,4
710,507,5
710,515,4
709,661,2
709,73,3
709,443,2
709,531,3
113,708,3
708,701,4
708,674,4
708,639,4
708,617,3
708,555,5
708,545,2
708,221,2
708,207,3
708,206,3
708,205,5
708,47,2
708,298,3
708,358,5
708,408,3
708,410,3
708,421,4
708,437,5
708,455,3
707,690,4
707,689,5
707,686,5
707,656,4
707,626,4
707,620,5
707,616,5
707,615,2
707,605,5
707,600,4
707,596,5
707,594,3
707,571,5
707,566,4
707,543,4
707,239,4
707,238,4
707,233,4
707,228,1
707,225,4
707,220,5
707,211,5
707,208,4
707,198,5
707,171,5
707,165,4
707,159,5
707,152,2
707,146,4
707,145,5
707,43,5
707,36,3
707,7,4
707,25,4
707,28,3
707,65,4
707,74,4
707,88,4
707,98,5
707,124,4
707,261,5
707,263,5
707,270,1
707,280,5
707,291,2
707,292,2
707,304,4
707,308,4
707,340,5
707,347,3
707,368,5
707,393,4
707,405,4
707,425,3
707,438,3
707,451,5
707,471,5
707,476,5
707,481,2
707,484,5
707,540,2
707,713,5
704,118,3
703,644,5
703,601,2
703,561,3
703,558,4
703,222,4
703,179,4
703,178,2
703,265,2
703,311,3
703,371,3
701,692,5
701,691,4
701,583,3
701,548,4
701,205,2
701,169,3
701,130,2
701,262,4
701,266,4
701,363,5
701,365,5
701,366,4
701,369,3
701,383,3
701,463,4
701,475,5
699,570,3
699,248,4
699,463,5
696,622,3
696,605,2
696,594,4
696,571,2
696,189,3
696,165,4
696,152,3
696,268,5
696,308,3
696,338,5
696,347,3
696,713,5
694,602,3
694,163,4
694,281,2
694,422,3
694,709,2
693,680,4
693,655,4
693,653,1
693,603,5
693,565,3
693,242,4
693,226,4
693,215,4
693,210,2
693,187,5
693,170,5
693,155,4
693,132,2
693,52,4
693,42,4
693,0,5
693,13,5
693,14,5
693,61,2
693,68,2
693,71,3
693,342,4
693,343,5
693,374,3
693,429,5
693,485,2
692,639,3
692,623,2
692,612,3
692,585,3
692,237,5
692,78,4
692,86,3
692,104,3
692,120,2
692,294,5
692,298,3
692,335,5
692,408,4
692,410,2
692,436,4
692,455,4
692,464,4
692,480,5
690,689,2
690,686,4
690,615,3
690,611,2
690,609,5
690,594,5
690,568,5
690,566,4
690,556,5
690,239,1
690,238,4
690,236,5
690,233,3
690,228,4
690,198,5
690,182,4
690,175,3
690,171,4
690,159,4
690,43,5
690,36,2
690,4,4
690,65,2
690,74,4
690,124,5
690,268,5
690,270,5
690,280,3
690,286,5
690,291,3
690,292,4
690,304,5
690,320,5
690,338,5
690,340,3
690,350,5
690,354,4
690,359,5
690,368,4
690,425,2
690,430,5
690,438,3
690,470,3
690,481,5
690,484,4
690,497,4
690,522,4
690,538,5
690,707,4
689,678,4
689,656,5
689,626,3
689,620,4
689,616,5
689,609,4
689,600,4
689,594,3
689,568,4
689,566,5
689,543,4
689,239,1
689,238,3
689,235,5
689,233,2
689,223,4
689,211,3
689,198,4
689,175,3
689,171,3
689,165,5
689,159,1
689,157,5
689,152,4
689,146,5
689,145,5
689,43,5
689,36,4
689,11,5
689,4,2
689,25,5
689,65,3
689,74,2
689,88,4
689,124,4
689,267,4
689,268,2
689,270,4
689,280,2
689,286,5
689,288,4
689,304,4
689,308,5
689,318,5
689,325,4
689,338,3
689,347,4
689,350,5
689,354,5
689,359,4
689,368,4
689,372,5
689,393,4
689,405,4
689,425,2
689,430,3
689,438,2
689,445,4
689,451,4
689,470,4
689,471,3
689,484,5
689,497,3
689,522,4
689,523,4
689,538,5
689,690,2
689,713,3
688,672,4
688,670,4
688,666,3
688,663,5
688,651,2
688,642,4
688,635,5
688,634,4
688,627,4
688,621,5
688,613,4
688,562,5
688,542,4
688,250,4
688,212,5
688,202,4
688,194,2
688,183,2
688,160,3
688,142,4
688,136,3
688,133,5
688,50,4
688,33,4
688,17,5
688,22,5
688,66,4
688,67,4
688,83,4
688,90,5
688,99,1
688,109,3
688,264,3
688,279,4
688,283,4
688,300,5
688,321,4
688,323,2
688,336,2
688,379,4
688,402,3
688,431,5
688,458,5
688,503,5
688,520,5
687,679,1
687,643,2
687,587,4
687,559,5
687,551,4
687,547,4
687,222,4
687,190,5
687,181,4
687,173,2
687,134,3
687,38,3
687,10,3
687,26,4
687,62,5
687,95,3
687,100,5
687,118,3
687,334,2
687,371,5
687,466,5
687,474,5
687,492,5
687,507,5
687,515,4
687,703,5
687,704,4
686,239,2
686,233,2
686,175,3
686,4,3
686,74,4
686,359,3
686,393,5
686,471,3
686,484,2
686,532,5
686,707,4
684,655,3
684,654,4
684,636,3
684,619,4
684,618,5
684,599,4
684,552,2
684,253,4
684,247,1
684,245,3
684,218,5
684,170,4
684,155,4
684,151,2
684,42,4
684,37,5
684,35,4
684,9,4
684,1,4
684,68,5
684,96,5
684,106,2
684,121,4
684,272,2
684,309,5
684,316,4
684,341,4
684,361,1
684,377,5
684,390,2
684,394,4
684,472,5
684,477,5
684,491,5
684,516,5
683,68,3
673,682,3
682,638,4
682,623,3
682,581,3
682,580,5
682,248,2
682,238,5
682,221,3
682,207,3
682,198,5
682,147,5
682,115,3
682,298,4
682,324,5
682,332,4
682,372,4
682,383,4
682,408,4
682,464,5
682,475,2
682,528,2
682,701,3
681,659,5
681,147,3
61,680,5
679,587,4
679,579,5
679,559,5
679,558,5
679,557,5
679,551,2
679,547,3
679,255,4
679,230,5
679,190,5
679,186,5
679,181,4
679,173,1
679,168,2
679,134,3
679,57,5
679,38,4
679,26,2
679,62,4
679,95,4
679,100,4
679,118,4
679,334,3
679,449,3
679,460,5
679,466,3
679,474,4
679,507,5
679,687,1
679,703,5
679,704,5
679,710,5
674,665,3
674,623,4
674,617,2
674,207,5
674,47,3
674,19,2
674,107,4
674,120,5
674,271,3
674,318,3
674,372,4
674,475,3
674,692,5
672,670,3
672,664,4
672,662,2
672,651,5
672,644,4
672,642,2
672,243,4
672,183,4
672,58,5
672,33,2
672,66,4
672,89,4
672,109,3
672,299,3
672,323,3
672,379,4
672,458,4
672,498,4
672,525,3
672,688,5
672,712,3
670,668,1
670,651,3
670,627,2
670,613,2
670,542,4
670,250,4
670,139,4
670,58,2
670,41,5
670,66,3
670,73,5
670,89,2
670,300,4
670,336,4
670,349,4
670,418,3
670,431,3
670,432,4
670,458,4
670,482,4
670,533,2
670,537,5
670,688,5
668,663,5
668,661,4
668,651,4
668,634,4
668,627,4
668,621,2
668,613,4
668,602,5
668,562,5
668,542,5
668,214,5
668,202,2
668,194,3
668,183,4
668,160,5
668,142,4
668,140,5
668,136,3
668,58,4
668,50,4
668,48,4
668,33,4
668,17,5
668,27,4
668,66,2
668,83,4
668,109,3
668,283,5
668,300,5
668,321,4
668,323,3
668,336,3
668,349,5
668,379,2
668,402,4
668,418,4
668,431,3
668,432,4
668,458,4
668,482,5
668,503,5
668,520,2
668,531,4
668,537,4
668,670,1
668,688,5
668,711,5
667,663,5
667,660,4
667,644,5
667,642,5
667,635,4
667,634,5
667,607,5
667,589,4
667,587,4
667,562,5
667,561,5
667,558,5
667,255,5
667,243,2
667,241,2
667,234,3
667,230,4
667,229,5
667,214,5
667,197,5
667,190,5
667,179,3
667,177,2
667,167,1
667,164,3
667,154,3
667,149,3
667,138,4
667,133,5
667,129,3
667,49,2
667,33,4
667,31,4
667,29,4
667,2,2
667,22,4
667,62,5
667,72,3
667,103,2
667,109,5
667,110,2
667,264,5
667,265,3
667,269,4
667,284,4
667,311,4
667,328,4
667,371,5
667,384,5
667,389,3
667,397,4
667,406,3
667,415,5
667,434,4
667,492,4
667,495,5
667,498,4
667,518,4
667,672,4
667,703,4
667,712,3
666,627,5
666,212,2
666,136,4
666,133,4
666,50,3
666,66,4
666,67,4
666,89,3
666,90,3
666,99,3
666,109,2
666,264,2
666,379,3
666,402,4
666,415,5
666,688,3
665,659,4
665,625,5
665,617,5
665,570,5
665,130,3
665,8,4
665,86,5
665,107,3
665,262,4
665,332,2
665,369,5
665,383,4
665,419,2
665,420,2
665,461,4
665,521,3
358,353,3
358,335,1
358,326,4
358,324,2
358,318,5
358,298,2
358,296,3
358,285,5
358,266,4
358,262,5
358,260,5
358,259,5
358,120,3
358,119,2
358,115,4
358,107,5
358,102,5
358,94,5
358,82,5
358,79,3
358,5,3
358,40,4
358,44,3
358,47,4
358,56,5
358,127,4
358,135,2
358,169,5
358,193,4
358,200,4
358,201,5
358,206,4
358,207,3
358,237,5
358,363,5
358,365,5
358,366,4
358,369,4
358,370,3
358,376,2
358,381,3
358,383,4
358,385,4
358,401,3
358,421,2
358,423,3
358,436,2
358,440,4
358,457,4
358,462,5
358,463,5
358,464,1
358,475,5
358,480,4
358,483,4
358,493,5
358,502,5
358,514,4
358,519,4
358,521,5
358,528,5
358,545,4
358,548,3
358,555,2
358,570,4
358,576,3
358,580,4
358,591,5
358,598,5
358,612,4
358,623,4
358,625,5
358,629,5
358,632,5
358,645,3
358,657,5
358,682,5
358,692,4
358,699,4
358,708,4
354,304,3
354,451,4
350,276,3
350,39,4
139,349,5
139,520,3
341,306,3
341,281,4
341,394,2
341,477,2
338,288,3
338,280,5
338,88,3
338,146,2
338,157,4
338,159,3
338,233,5
338,239,4
338,497,4
338,594,2
338,615,3
338,686,5
338,689,3
338,713,2
80,341,3
621,613,4
621,542,4
621,202,2
621,163,5
621,139,4
621,58,3
621,41,4
621,37,5
621,27,4
621,73,4
621,89,5
621,264,5
621,336,4
621,349,3
621,404,2
621,418,4
621,422,5
621,431,2
621,432,3
621,458,3
621,482,5
621,520,2
621,533,1
621,537,4
621,651,4
621,668,2
621,688,5
337,316,4
337,281,2
337,73,4
337,59,4
337,27,3
337,37,4
337,41,3
337,46,2
337,163,2
337,202,5
337,250,4
337,356,5
337,404,5
337,422,5
337,443,1
337,448,2
337,520,4
337,531,4
337,533,5
337,602,4
337,613,5
337,618,3
337,661,2
337,694,4
332,262,4
332,92,4
332,147,2
332,169,3
332,201,4
332,369,4
332,461,3
332,494,5
332,517,2
332,521,3
332,570,5
332,625,5
332,691,3
332,708,5
216,528,3
324,318,4
324,298,2
324,44,5
324,47,3
324,148,5
324,188,4
324,196,5
324,335,3
324,358,3
324,363,3
324,376,4
324,401,5
324,436,3
324,519,3
324,570,4
324,580,2
324,645,5
324,673,5
324,699,2
324,708,4
323,321,5
323,312,5
323,311,5
323,300,5
323,299,4
323,283,3
323,279,4
323,269,5
323,264,3
323,109,1
323,90,4
323,89,1
323,83,2
323,72,5
323,66,4
323,22,3
323,17,4
323,2,5
323,33,3
323,49,5
323,50,5
323,54,5
323,133,4
323,136,2
323,138,4
323,139,5
323,142,3
323,160,4
323,162,5
323,164,4
323,167,5
323,183,3
323,197,5
323,202,4
323,209,5
323,212,4
323,214,5
323,229,5
323,328,5
323,336,2
323,349,5
323,379,3
323,389,4
323,418,4
323,431,4
323,432,5
323,458,3
323,482,4
323,498,4
323,503,4
323,525,4
323,537,4
323,542,4
323,577,4
323,627,3
323,634,4
323,635,4
323,642,3
323,644,5
323,651,2
323,662,5
323,663,4
323,664,5
323,666,4
323,668,2
323,672,3
323,688,2
323,712,5
579,255,2
579,241,5
579,230,4
579,460,2
579,703,3
318,301,4
318,298,4
318,296,5
318,285,5
318,276,4
318,271,4
318,266,4
318,262,3
318,257,4
318,120,3
318,116,4
318,115,5
318,113,5
318,112,4
318,104,4
318,94,2
318,92,5
318,88,5
318,86,4
318,78,4
318,69,4
318,19,5
318,3,5
318,39,5
318,130,5
318,148,4
318,159,5
318,180,5
318,198,2
318,200,3
318,201,5
318,206,3
318,207,5
318,216,5
318,221,4
318,223,4
318,248,4
318,324,5
318,326,4
318,340,4
318,358,5
318,363,5
318,370,4
318,372,3
318,420,4
318,421,5
318,436,5
318,437,4
318,439,4
318,455,5
318,462,5
318,463,4
318,464,5
318,475,3
318,480,5
318,494,3
318,497,4
318,500,5
318,502,3
318,517,5
318,528,5
318,545,4
318,555,5
318,570,5
318,580,4
318,581,4
318,585,1
318,591,1
318,600,4
318,609,2
318,612,5
318,616,4
318,617,2
318,623,2
318,625,2
318,639,4
318,659,5
318,665,5
318,673,4
318,674,3
318,682,3
318,689,5
318,691,5
318,692,2
318,699,5
318,708,4
51,324,3
51,673,4
592,578,2
592,247,2
592,170,3
592,151,2
592,121,3
592,599,4
308,304,5
308,303,3
308,291,5
308,288,3
308,287,4
308,276,4
308,270,3
308,268,3
308,263,4
308,261,3
308,98,4
308,63,2
308,16,3
308,4,4
308,39,5
308,43,5
308,145,5
308,146,4
308,152,2
308,157,4
308,159,4
308,189,4
308,228,5
308,235,5
308,238,4
308,244,3
308,309,5
308,338,3
308,340,5
308,347,1
308,355,5
308,365,5
308,405,2
308,430,4
308,438,5
308,446,3
308,491,3
308,497,4
308,504,5
308,510,2
308,516,5
308,543,4
308,553,4
308,571,2
308,586,3
308,594,2
308,596,1
308,599,4
308,605,4
308,609,5
308,615,5
308,616,4
308,620,5
308,622,5
308,647,5
308,656,2
308,689,5
308,696,2
308,707,4
308,713,3
336,323,2
336,321,3
336,67,3
336,50,2
336,136,4
336,379,4
336,533,5
336,542,2
336,688,3
620,616,2
620,615,4
620,611,5
620,609,2
620,605,4
620,600,4
620,599,5
620,596,4
620,591,5
620,586,3
620,571,5
620,568,5
620,553,4
620,545,5
620,244,3
620,239,5
620,238,3
620,235,4
620,233,5
620,228,5
620,223,4
620,220,5
620,206,5
620,200,4
620,165,2
620,159,3
620,157,4
620,148,4
620,146,5
620,145,1
620,39,3
620,6,2
620,4,4
620,16,4
620,25,5
620,63,4
620,64,5
620,88,4
620,94,4
620,104,5
620,120,5
620,261,3
620,263,2
620,268,2
620,276,2
620,280,5
620,288,2
620,303,5
620,308,4
620,320,5
620,324,5
620,325,4
620,326,5
620,338,5
620,340,4
620,343,5
620,355,4
620,365,3
620,430,1
620,445,5
620,451,4
620,490,4
620,491,4
620,497,2
620,504,3
620,513,5
620,523,4
620,622,4
620,623,5
620,625,4
620,656,4
620,682,5
620,689,4
620,692,4
620,707,5
620,708,4
620,713,4
306,293,3
306,59,5
306,27,5
306,1,4
306,35,1
306,37,2
306,41,3
306,204,3
306,253,5
306,316,4
306,341,2
306,345,2
306,349,4
306,351,4
306,356,5
306,394,2
306,418,5
306,432,4
306,443,5
306,477,4
306,602,5
306,618,2
306,636,4
306,661,4
306,694,4
306,709,4
302,276,5
302,266,4
302,262,3
302,115,3
302,69,2
302,147,3
302,169,4
302,363,5
302,365,5
302,370,5
302,372,5
302,383,3
302,421,4
302,463,4
302,521,3
302,548,5
302,585,5
302,681,3
302,701,2
298,296,4
298,294,3
298,276,5
298,266,3
298,262,4
298,260,5
298,120,4
298,119,5
298,115,2
298,112,3
298,107,4
298,104,2
298,102,4
298,86,5
298,82,4
298,78,4
298,69,5
298,60,5
298,24,5
298,19,5
298,3,4
298,5,5
298,40,3
298,44,4
298,47,3
298,51,4
298,56,5
298,127,5
298,130,5
298,135,4
298,169,4
298,188,5
298,193,4
298,198,5
298,201,5
298,207,1
298,216,4
298,221,5
298,223,5
298,237,5
298,318,4
298,324,2
298,326,4
298,335,3
298,353,3
298,358,2
298,363,5
298,365,4
298,366,4
298,369,4
298,370,3
298,376,4
298,381,4
298,383,3
298,401,4
298,408,4
298,410,4
298,421,3
298,423,2
298,436,2
298,454,4
298,455,4
298,457,4
298,461,5
298,463,3
298,475,4
298,480,3
298,483,5
298,494,5
298,500,3
298,502,4
298,514,4
298,519,5
298,521,4
298,545,3
298,554,5
298,555,2
298,576,4
298,580,4
298,585,4
298,591,4
298,598,4
298,609,5
298,612,4
298,617,5
298,623,2
298,625,4
298,639,1
298,645,4
298,674,5
298,682,4
298,691,5
298,692,2
298,699,5
298,701,5
298,708,3
291,280,4
291,276,5
291,43,4
291,175,4
291,238,3
291,239,3
291,249,4
291,368,3
291,438,2
291,568,2
291,615,2
291,626,3
291,690,3
223,287,4
288,261,3
288,127,5
288,148,5
288,189,5
288,244,4
288,291,5
288,497,3
288,522,5
288,594,5
288,596,4
288,620,2
572,151,3
280,270,5
280,268,4
280,77,4
280,74,4
280,65,4
280,4,4
280,7,5
280,36,4
280,159,3
280,175,2
280,182,4
280,198,4
280,228,5
280,233,2
280,236,5
280,238,3
280,291,4
280,292,5
280,304,4
280,320,5
280,338,4
280,340,1
280,344,5
280,347,5
280,350,4
280,354,5
280,359,4
280,368,3
280,372,5
280,405,5
280,430,4
280,438,2
280,471,1
280,476,5
280,484,4
280,497,2
280,510,5
280,522,5
280,523,5
280,543,3
280,568,4
280,594,4
280,600,5
280,611,3
280,615,4
280,620,5
280,689,2
280,690,2
280,707,5
280,713,4
311,31,4
311,149,3
311,162,3
311,167,2
311,177,4
311,389,2
311,415,3
311,577,3
311,601,5
311,642,4
54,269,5
193,266,5
193,681,4
160,264,3
160,660,4
201,262,5
112,257,4
112,372,5
112,545,3
653,637,5
653,603,4
653,599,5
653,252,5
653,242,2
653,215,4
653,195,3
653,187,4
653,52,2
653,30,4
653,0,4
653,21,5
653,61,3
653,352,4
653,374,4
653,377,4
653,398,2
653,453,2
653,488,5
653,680,3
653,693,1
255,241,4
255,190,2
255,178,3
255,156,2
255,311,5
253,247,3
253,204,5
253,106,3
253,343,5
253,345,3
253,356,2
253,361,2
253,477,4
253,599,5
252,213,2
252,147,5
252,13,4
252,14,5
252,87,3
252,357,2
252,411,3
250,202,2
250,264,5
250,336,3
250,533,2
250,537,3
250,627,4
249,15,2
249,28,4
249,124,3
249,286,1
249,393,5
249,472,4
249,481,2
249,522,3
249,549,1
249,606,5
249,654,5
248,332,3
247,245,4
247,218,4
247,215,5
247,155,5
247,151,4
247,9,4
247,1,5
247,15,5
247,80,5
247,121,5
247,253,3
247,272,4
247,356,5
247,361,2
247,390,4
247,394,5
247,472,4
247,516,5
247,552,1
247,572,5
247,578,5
247,592,2
247,604,3
247,618,5
247,619,3
247,654,2
247,680,4
247,684,1
245,163,4
245,46,5
245,41,4
245,37,3
245,35,3
245,9,4
245,1,2
245,80,5
245,96,2
245,247,4
245,253,4
245,281,5
245,316,5
245,341,4
245,345,4
245,349,5
245,351,2
245,356,4
245,361,2
245,394,1
245,477,3
245,552,5
245,618,2
245,619,3
245,661,5
245,684,3
245,694,4
245,709,4
355,400,3
355,417,4
98,244,3
639,625,4
639,623,3
639,612,4
639,609,5
639,598,4
639,591,4
639,585,5
639,580,3
639,576,2
639,570,5
639,555,4
639,554,3
639,548,4
639,207,2
639,206,2
639,201,5
639,200,2
639,193,4
639,188,5
639,169,5
639,135,5
639,131,5
639,127,4
639,56,4
639,51,5
639,47,4
639,44,5
639,40,4
639,32,4
639,78,5
639,86,4
639,94,4
639,102,5
639,107,5
639,112,4
639,115,4
639,119,3
639,120,3
639,259,4
639,262,5
639,266,4
639,276,5
639,285,4
639,294,2
639,296,5
639,298,1
639,318,4
639,324,4
639,335,2
639,353,4
639,365,4
639,366,5
639,369,4
639,370,5
639,372,5
639,376,3
639,381,4
639,383,4
639,385,5
639,401,4
639,408,4
639,410,5
639,421,3
639,423,3
639,436,1
639,437,2
639,440,5
639,455,5
639,457,5
639,462,5
639,463,4
639,464,3
639,475,5
639,483,4
639,493,4
639,500,2
639,502,4
639,511,3
639,514,3
639,519,5
639,521,5
639,645,3
639,657,4
639,682,5
639,692,3
639,699,4
639,708,4
244,145,3
244,43,5
244,25,5
244,261,2
244,276,5
244,287,3
244,320,5
244,343,4
244,405,3
244,430,4
244,504,2
244,599,3
244,600,4
244,620,3
243,241,4
243,227,4
243,214,5
243,186,3
243,179,2
243,167,1
243,164,2
243,162,4
243,149,3
243,138,3
243,133,3
243,57,5
243,38,5
243,33,4
243,31,3
243,2,3
243,17,5
243,76,4
243,83,5
243,90,5
243,109,5
243,110,2
243,265,4
243,389,2
243,397,2
243,406,3
243,415,4
243,416,4
243,428,3
243,492,3
243,518,5
243,525,5
243,529,4
243,561,5
243,562,4
243,577,3
243,601,4
243,607,5
243,642,4
243,644,4
243,664,5
243,666,5
243,667,2
243,672,5
242,195,2
242,0,3
242,452,3
242,453,2
156,241,3
241,57,5
241,31,3
241,110,2
241,311,2
241,397,4
241,518,3
241,577,4
241,644,3
241,667,3
239,238,5
239,236,4
239,233,4
239,228,4
239,211,4
239,198,5
239,182,5
239,171,2
239,159,2
239,152,5
239,43,4
239,7,4
239,4,3
239,74,3
239,88,5
239,124,5
239,268,4
239,270,4
239,286,5
239,288,5
239,291,2
239,292,4
239,304,3
239,320,4
239,325,5
239,338,4
239,340,3
239,347,5
239,350,4
239,354,4
239,359,5
239,368,4
239,405,5
239,430,4
239,438,4
239,445,5
239,470,5
239,471,2
239,481,5
239,484,5
239,497,3
239,522,4
239,523,5
239,538,4
239,543,3
239,556,5
239,566,3
239,568,4
239,594,4
239,600,5
239,609,4
239,615,2
239,620,5
239,626,2
239,686,2
239,689,1
239,690,1
239,707,4
238,223,2
238,208,5
238,7,5
238,280,3
238,344,5
238,347,4
238,365,3
238,405,3
238,497,2
238,510,4
238,615,5
238,625,4
238,708,5
359,88,4
102,237,3
102,262,5
643,558,5
643,551,2
643,100,3
643,290,4
643,474,3
643,507,2
643,687,2
237,201,4
237,200,5
237,169,2
237,115,5
237,266,4
237,324,5
237,332,4
237,353,4
237,366,3
237,420,4
237,423,4
237,517,3
237,548,3
236,568,4
234,179,2
234,167,3
234,164,4
234,154,2
234,149,4
234,31,4
234,103,5
234,384,5
234,388,5
234,397,3
234,428,3
234,492,4
234,667,3
233,211,5
233,175,4
233,159,3
233,4,4
233,280,2
233,543,4
233,611,4
233,626,5
233,678,3
284,265,4
284,110,2
284,103,5
284,62,4
284,2,5
284,29,2
284,31,4
284,38,3
284,57,3
284,133,5
284,138,4
284,162,5
284,164,5
284,167,5
284,168,5
284,178,3
284,179,4
284,186,3
284,234,4
284,241,2
284,311,3
284,384,2
284,388,4
284,389,4
284,416,5
284,428,3
284,460,5
284,507,5
284,515,4
284,559,4
284,577,5
284,589,1
284,601,2
284,607,4
284,644,4
284,667,4
284,672,5
284,703,3
27,250,2
27,404,2
27,431,4
27,482,3
27,613,3
568,43,3
568,98,4
230,179,3
230,241,2
230,265,3
230,428,3
230,492,4
230,559,5
230,589,2
230,667,4
209,229,5
229,129,5
228,225,5
228,211,5
228,208,5
228,171,4
228,165,5
228,152,4
228,36,2
228,7,3
228,4,3
228,25,5
228,65,5
228,74,3
228,88,4
228,233,4
228,238,5
228,239,5
228,268,4
228,270,2
228,280,5
228,291,4
228,292,4
228,304,4
228,308,5
228,347,4
228,354,5
228,359,5
228,393,2
228,405,4
228,425,2
228,430,5
228,438,4
228,451,4
228,471,5
228,476,4
228,510,5
228,513,4
228,522,2
228,523,4
228,532,4
228,540,1
228,543,5
228,566,5
228,568,4
228,594,3
228,600,5
228,620,5
228,626,3
228,656,5
228,686,3
228,689,5
228,690,4
228,707,1
279,299,4
279,379,5
22,227,5
227,31,5
226,210,3
226,195,5
226,155,2
226,52,4
226,30,5
226,9,5
226,63,4
226,68,4
226,242,4
226,244,5
226,309,1
226,374,4
226,377,2
226,398,2
226,417,4
226,453,5
226,516,2
226,552,5
226,596,5
226,599,3
226,603,4
226,655,4
226,680,3
226,683,5
222,190,4
222,181,4
222,179,5
222,178,4
222,168,3
222,57,3
222,29,4
222,10,2
222,2,5
222,62,2
222,110,5
222,118,4
222,230,3
222,234,4
222,241,4
222,273,5
222,290,2
222,311,5
222,384,2
222,428,5
222,474,5
222,507,4
222,515,5
222,547,3
222,558,4
222,559,2
222,587,3
222,589,5
222,601,4
222,607,4
222,687,4
222,703,5
222,710,1
221,701,3
211,220,4
211,713,3
56,216,4
56,580,3
214,202,5
214,197,3
214,194,4
214,142,2
214,66,5
214,76,4
214,99,3
214,250,5
214,283,4
214,328,4
214,379,4
213,205,5
213,147,4
213,130,5
213,55,4
213,8,2
213,13,3
213,61,5
213,69,5
213,71,3
213,87,2
213,252,2
213,342,4
213,352,4
213,357,4
213,392,4
213,411,2
213,426,3
213,485,4
213,505,5
213,517,4
213,550,1
213,637,2
213,659,4
213,691,5
213,701,5
182,211,4
182,233,3
210,187,3
210,30,3
210,242,2
210,693,2
208,263,3
207,206,2
207,205,5
207,201,4
207,200,4
207,198,4
207,188,4
207,180,4
207,169,4
207,148,4
207,135,4
207,130,4
207,51,5
207,47,2
207,44,5
207,40,5
207,5,5
207,3,4
207,19,4
207,24,4
207,60,5
207,69,4
207,78,4
207,79,4
207,82,4
207,86,3
207,92,5
207,102,5
207,104,3
207,107,2
207,112,5
207,115,1
207,119,4
207,120,2
207,216,3
207,221,4
207,248,5
207,262,3
207,266,2
207,276,4
207,277,4
207,294,4
207,296,3
207,298,1
207,301,5
207,318,4
207,332,5
207,335,4
207,353,4
207,358,3
207,363,4
207,365,4
207,366,3
207,370,4
207,372,4
207,376,5
207,381,5
207,383,3
207,401,5
207,408,4
207,410,4
207,420,5
207,436,4
207,437,3
207,439,5
207,455,5
207,461,4
207,463,2
207,464,2
207,465,5
207,475,3
207,493,5
207,494,4
207,500,4
207,502,5
207,511,5
207,514,5
207,517,5
207,519,4
207,521,3
207,528,3
207,545,4
207,548,5
207,554,4
207,555,3
207,564,5
207,570,5
207,576,5
207,580,2
207,581,5
207,585,4
207,612,4
207,617,4
207,625,4
207,629,4
207,638,5
207,639,2
207,645,5
207,659,5
207,674,4
207,681,5
207,682,3
207,691,4
207,699,5
207,701,4
207,708,2
206,201,5
206,200,2
206,198,4
206,188,5
206,180,5
206,169,5
206,148,2
206,145,5
206,135,5
206,130,5
206,127,4
206,56,4
206,51,5
206,47,2
206,44,5
206,43,5
206,40,4
206,3,3
206,69,5
206,78,4
206,102,4
206,104,1
206,107,4
206,112,4
206,113,3
206,115,3
206,119,4
206,120,3
206,207,3
206,216,4
206,221,5
206,260,5
206,262,4
206,266,4
206,276,4
206,285,3
206,288,5
206,294,5
206,296,4
206,302,5
206,318,3
206,324,4
206,335,4
206,353,4
206,358,5
206,363,5
206,365,2
206,366,5
206,369,5
206,370,5
206,372,4
206,376,4
206,381,5
206,383,4
206,401,5
206,408,2
206,410,4
206,423,3
206,430,5
206,436,3
206,437,2
206,454,4
206,455,5
206,457,5
206,463,3
206,464,5
206,475,4
206,480,3
206,494,5
206,500,2
206,511,4
206,514,4
206,521,4
206,528,4
206,545,5
206,554,4
206,555,3
206,576,4
206,580,4
206,585,4
206,591,2
206,598,4
206,609,4
206,612,5
206,617,5
206,620,5
206,623,1
206,625,3
206,629,5
206,639,2
206,645,4
206,657,5
206,673,4
206,674,5
206,691,5
206,692,4
206,699,4
206,708,3
205,201,3
205,60,4
205,107,5
205,120,5
205,266,4
205,366,4
205,369,3
205,411,3
205,426,4
205,461,2
205,463,5
205,692,5
100,62,2
100,29,3
100,38,4
100,57,3
100,601,4
100,607,3
100,687,5
100,710,2
352,92,4
352,21,2
352,130,4
352,205,5
352,357,3
352,411,3
352,420,3
352,461,5
352,505,3
352,517,3
352,637,2
352,659,4
352,701,5
95,10,3
95,168,3
95,173,2
95,334,5
95,466,2
95,579,5
95,687,3
95,710,4
636,151,5
636,96,2
636,356,3
636,390,2
636,477,3
636,684,3
347,340,4
347,308,1
347,304,4
347,303,4
347,288,4
347,287,4
347,280,5
347,276,4
347,270,2
347,268,2
347,263,3
347,261,3
347,98,4
347,88,4
347,74,3
347,63,4
347,25,2
347,4,2
347,6,4
347,11,2
347,36,5
347,39,5
347,43,3
347,146,5
347,157,5
347,159,3
347,165,3
347,189,4
347,208,4
347,220,3
347,223,5
347,228,4
347,233,5
347,238,5
347,239,5
347,244,5
347,355,4
347,365,5
347,400,5
347,425,5
347,430,5
347,438,4
347,445,5
347,446,4
347,490,4
347,491,4
347,497,4
347,510,4
347,523,2
347,540,5
347,543,3
347,553,4
347,571,3
347,586,4
347,594,1
347,596,2
347,599,5
347,605,3
347,609,5
347,615,4
347,616,3
347,620,5
347,622,4
347,656,4
347,686,5
347,689,4
347,707,3
347,713,2
90,89,5
90,83,2
90,76,3
90,72,3
90,2,5
90,31,4
90,33,2
90,49,4
90,54,3
90,99,4
90,109,3
90,129,4
90,133,2
90,136,5
90,138,4
90,142,5
90,149,3
90,154,5
90,162,4
90,177,3
90,178,5
90,179,4
90,183,4
90,197,3
90,212,5
90,214,3
90,227,2
90,229,2
90,234,5
90,241,4
90,243,4
90,264,5
90,269,2
90,299,4
90,311,4
90,323,4
90,328,1
90,336,4
90,397,4
90,406,4
90,415,5
90,434,4
90,492,5
90,495,4
90,503,5
90,525,4
90,529,3
90,542,4
90,561,5
90,562,4
90,577,2
90,642,1
90,644,2
90,651,5
90,660,4
90,662,5
90,663,4
90,666,3
90,688,5
90,711,5
90,712,2
343,263,5
343,261,3
343,68,4
343,52,5
343,145,5
343,157,5
343,165,4
343,377,3
343,491,3
343,596,3
343,599,2
343,683,2
86,82,3
86,69,3
86,5,3
86,40,5
86,127,5
86,188,4
86,266,4
86,271,5
86,277,2
86,302,4
86,326,5
86,383,2
86,423,3
86,464,3
86,494,4
86,548,3
86,570,2
86,623,5
627,432,5
334,62,4
334,230,5
334,557,2
334,579,2
334,587,3
77,36,2
77,238,5
77,438,3
77,470,3
77,540,2
77,543,4
77,566,2
77,626,3
77,690,4
204,163,3
204,46,2
204,37,4
204,245,5
204,293,2
204,443,3
204,448,4
259,40,3
259,612,4
2,76,5
2,133,3
2,138,2
2,149,4
2,154,3
2,162,4
2,234,4
2,284,4
2,415,2
2,495,3
2,667,2
543,239,3
543,238,2
543,228,5
543,225,5
543,171,5
543,159,2
543,276,3
543,280,3
543,340,3
543,344,5
543,347,3
543,350,3
543,445,2
543,471,4
543,523,4
543,611,4
74,65,5
74,4,2
74,43,3
74,88,2
74,171,5
74,239,3
74,288,4
74,340,4
74,425,3
74,471,5
74,481,5
74,543,2
74,568,3
74,689,3
74,690,4
615,609,5
615,600,4
615,594,2
615,568,5
615,566,4
615,556,4
615,543,3
615,239,2
615,238,5
615,233,3
615,211,4
615,208,5
615,198,5
615,175,4
615,171,5
615,165,5
615,159,3
615,152,4
615,146,5
615,145,5
615,7,3
615,4,1
615,25,5
615,65,3
615,74,4
615,88,4
615,124,4
615,263,5
615,268,3
615,270,3
615,280,5
615,286,4
615,288,5
615,291,2
615,292,2
615,304,4
615,308,5
615,338,3
615,340,5
615,347,4
615,350,4
615,354,4
615,359,5
615,368,5
615,393,3
615,405,4
615,425,1
615,430,4
615,438,4
615,445,4
615,451,4
615,470,5
615,471,4
615,476,5
615,510,4
615,513,4
615,532,3
615,540,2
615,616,5
615,620,4
615,626,2
615,686,2
615,690,3
615,707,2
615,713,5
312,299,5
312,283,3
312,269,3
312,109,4
312,99,5
312,83,3
312,72,3
312,22,3
312,17,2
312,49,4
312,54,3
312,129,4
312,142,2
312,149,5
312,177,5
312,183,4
312,194,5
312,209,5
312,214,3
312,227,4
312,229,4
312,323,5
312,379,5
312,406,5
312,415,5
312,498,4
312,503,1
312,542,5
312,562,4
312,577,5
312,635,2
312,642,4
312,660,4
312,662,4
312,664,2
55,71,5
55,252,3
596,594,4
596,586,4
596,543,5
596,244,4
596,238,5
596,226,5
596,189,4
596,165,2
596,159,5
596,157,3
596,152,3
596,145,5
596,43,4
596,39,4
596,6,5
596,4,5
596,16,4
596,25,2
596,63,1
596,64,2
596,74,5
596,263,2
596,268,4
596,270,4
596,276,5
596,288,5
596,303,2
596,308,1
596,343,3
596,347,2
596,355,5
596,400,5
596,405,3
596,429,5
596,430,4
596,490,5
596,491,3
596,497,5
596,504,4
596,510,3
596,516,4
596,523,3
596,599,2
596,600,4
596,605,2
596,609,5
596,619,5
596,620,4
596,622,3
596,647,4
596,680,5
596,707,5
596,713,4
270,268,5
270,261,4
270,98,4
270,74,2
270,65,5
270,63,5
270,25,2
270,16,5
270,4,2
270,6,5
270,7,5
270,36,4
270,39,4
270,43,4
270,145,5
270,146,4
270,152,1
270,159,5
270,165,4
270,189,5
270,208,5
270,220,4
270,228,2
270,233,5
270,238,4
270,239,4
270,244,5
270,276,5
270,280,5
270,288,5
270,291,3
270,303,5
270,304,4
270,308,3
270,338,4
270,340,5
270,347,3
270,350,5
270,393,5
270,425,4
270,438,5
270,446,5
270,451,5
270,491,5
270,497,5
270,510,5
270,540,4
270,543,3
270,568,5
270,571,4
270,586,5
270,596,4
270,600,3
270,605,4
270,615,3
270,616,5
270,626,5
270,686,4
270,689,4
270,690,5
270,707,1
270,713,4
13,71,5
554,116,4
554,120,3
140,139,4
140,58,5
140,41,4
140,37,3
140,27,2
140,59,4
140,73,5
140,163,3
140,202,4
140,250,3
140,316,5
140,336,5
140,349,3
140,404,2
140,422,4
140,443,2
140,448,1
140,520,4
140,531,4
140,533,5
140,602,2
140,613,4
140,618,4
140,668,5
140,709,4
328,323,5
328,269,3
328,265,5
328,264,4
328,109,4
328,99,5
328,90,1
328,83,3
328,76,4
328,66,5
328,22,4
328,17,2
328,31,4
328,33,3
328,49,2
328,129,4
328,142,4
328,149,4
328,162,2
328,164,2
328,177,3
328,183,4
328,186,5
328,214,5
328,227,3
328,336,5
328,389,4
328,397,4
328,406,3
328,415,4
328,428,5
328,492,5
328,495,5
328,498,3
328,503,5
328,518,4
328,525,3
328,542,5
328,562,2
328,577,3
328,642,2
328,660,5
328,662,4
328,664,4
328,666,4
328,667,4
328,672,3
71,61,5
612,86,3
612,271,4
340,338,4
340,325,5
340,308,5
340,304,2
340,292,5
340,291,4
340,280,1
340,276,5
340,270,5
340,268,3
340,267,5
340,263,5
340,113,4
340,88,4
340,77,5
340,74,4
340,4,4
340,36,5
340,43,3
340,145,5
340,152,5
340,159,2
340,165,5
340,171,3
340,175,3
340,182,5
340,198,3
340,235,5
340,238,4
340,239,2
340,347,4
340,350,4
340,354,4
340,359,5
340,368,5
340,372,5
340,405,4
340,430,2
340,445,4
340,470,4
340,471,2
340,484,4
340,497,1
340,510,4
340,522,4
340,523,4
340,532,5
340,543,2
340,568,3
340,585,5
340,594,4
340,600,5
340,609,3
340,616,5
340,620,4
340,626,4
340,656,5
340,678,3
340,686,4
340,690,3
340,707,5
340,713,3
83,76,3
83,72,4
83,66,3
83,22,3
83,17,1
83,2,4
83,31,5
83,33,2
83,49,4
83,50,4
83,54,3
83,89,4
83,90,2
83,99,3
83,103,5
83,109,1
83,133,2
83,136,4
83,138,4
83,149,4
83,162,3
83,164,4
83,167,5
83,177,5
83,179,5
83,183,2
83,194,4
83,197,2
83,209,5
83,212,5
83,214,4
83,227,3
83,229,3
83,243,5
83,264,2
83,269,4
83,299,4
83,311,5
83,312,3
83,323,2
83,328,3
83,336,3
83,379,3
83,388,5
83,389,4
83,498,4
83,503,3
83,518,5
83,525,3
83,542,3
83,562,4
83,627,5
83,634,5
83,635,2
83,644,4
83,651,4
83,660,3
83,662,4
83,663,2
83,664,5
83,668,4
83,688,4
83,711,5
83,712,4
281,96,4
281,59,4
281,27,4
281,1,5
281,35,2
281,37,2
281,41,2
281,46,3
281,163,3
281,204,4
281,250,5
281,253,5
281,293,1
281,316,5
281,337,3
281,341,4
281,349,3
281,351,5
281,394,4
281,418,4
281,422,5
281,431,4
281,432,4
281,448,5
281,458,5
281,477,2
281,531,5
281,618,4
281,636,4
281,661,4
281,694,2
281,709,4
24,205,3
565,550,5
565,252,4
565,215,3
565,210,4
565,195,2
565,187,5
565,30,4
565,8,5
565,0,4
565,14,2
565,21,4
565,61,4
565,352,3
565,357,5
565,374,2
565,411,5
565,452,4
565,453,1
565,485,3
565,488,4
565,680,4
565,693,2
151,63,3
151,106,2
151,155,3
151,244,5
151,261,5
151,361,3
151,417,3
151,596,4
151,599,3
151,655,2
9,96,3
550,546,3
550,252,4
550,242,4
550,237,5
550,213,1
550,205,4
550,195,4
550,169,5
550,147,3
550,130,4
550,55,5
550,30,4
550,8,4
550,0,2
550,13,2
550,21,2
550,69,4
550,71,4
550,92,3
550,107,5
550,262,5
550,332,3
550,342,4
550,357,3
550,367,4
550,374,5
550,378,2
550,392,5
550,396,2
550,411,1
550,420,3
550,455,5
550,461,4
550,505,4
550,517,2
550,521,5
550,565,5
550,659,3
325,291,5
325,268,4
325,263,3
325,98,2
325,4,3
325,152,2
325,208,3
325,244,4
325,438,5
325,504,5
325,523,2
325,594,3
325,615,4
325,689,5
325,707,3
68,64,5
68,52,2
68,132,2
68,215,4
68,453,4
68,516,5
68,693,3
609,605,5
609,600,4
609,596,5
609,586,5
609,585,3
609,580,5
609,568,4
609,555,5
609,554,5
609,553,5
609,545,5
609,543,5
609,244,4
609,239,4
609,238,4
609,235,3
609,223,4
609,216,4
609,211,5
609,208,5
609,206,5
609,200,3
609,198,3
609,165,4
609,157,3
609,148,3
609,145,3
609,6,4
609,19,5
609,69,5
609,74,5
609,94,2
609,104,4
609,107,5
609,113,5
609,120,4
609,261,4
609,262,5
609,263,4
609,266,5
609,280,4
609,288,2
609,298,5
609,301,5
609,308,5
609,318,3
609,324,4
609,326,5
609,338,4
609,340,3
609,347,5
609,350,4
609,365,4
609,370,5
609,372,2
609,381,5
609,405,4
609,408,4
609,425,5
609,436,5
609,437,4
609,445,5
609,463,4
609,471,5
609,475,4
609,480,5
609,490,4
609,491,5
609,494,4
609,497,2
609,500,4
609,502,2
609,504,4
609,510,4
609,514,5
609,523,5
609,615,5
609,616,4
609,620,2
609,622,5
609,623,5
609,625,3
609,629,4
609,638,5
609,639,5
609,656,5
609,673,5
609,674,4
609,689,4
609,692,4
609,708,5
609,713,4
195,55,3
195,14,2
195,252,3
195,352,2
195,411,4
58,67,4
58,89,2
58,279,3
58,321,2
58,651,2
599,596,2
599,592,4
599,578,4
599,571,3
599,553,5
599,253,4
599,247,4
599,244,3
599,226,3
599,215,4
599,170,3
599,165,4
599,157,4
599,155,5
599,152,5
599,151,2
599,145,4
599,132,4
599,42,3
599,6,4
599,25,4
599,61,5
599,63,1
599,106,2
599,121,3
599,261,3
599,263,4
599,272,4
599,288,5
599,303,2
599,308,4
599,309,3
599,343,2
599,347,5
599,361,4
599,377,5
599,390,5
599,400,3
599,405,5
599,417,4
599,429,2
599,491,2
599,504,5
599,510,5
599,516,1
599,523,5
599,603,4
599,604,3
599,605,3
599,619,3
599,620,5
599,622,2
599,636,5
599,653,5
599,655,4
599,680,3
599,683,5
599,684,4
264,90,4
264,67,4
264,17,3
264,136,5
264,183,2
264,194,3
264,379,4
264,402,4
264,562,4
264,660,5
264,688,3
7,65,2
7,182,3
7,233,3
7,304,4
7,354,2
7,522,4
7,626,2
548,545,4
548,237,3
548,216,5
548,201,3
548,200,5
548,193,4
548,188,2
548,169,2
548,135,4
548,130,4
548,47,5
548,44,5
548,40,3
548,32,3
548,5,1
548,19,5
548,24,4
548,60,4
548,69,4
548,79,3
548,82,4
548,86,2
548,92,5
548,102,3
548,104,5
548,107,4
548,115,4
548,120,4
548,266,4
548,277,4
548,302,4
548,324,5
548,332,5
548,335,4
548,353,3
548,358,3
548,363,2
548,366,2
548,369,1
548,376,5
548,381,4
548,383,2
548,401,5
548,408,4
548,420,5
548,423,4
548,436,4
548,455,3
548,457,5
548,461,4
548,463,4
548,464,2
548,465,5
548,475,5
548,493,5
548,494,5
548,500,5
548,517,5
548,519,4
548,521,3
548,528,4
548,554,5
548,564,5
548,570,4
548,580,4
548,583,5
548,639,4
548,665,5
548,682,5
548,691,5
548,692,4
548,699,5
548,701,4
548,708,5
134,57,4
134,29,4
134,10,1
134,26,4
134,62,3
134,100,2
134,168,2
134,178,5
134,181,4
134,190,5
134,230,4
134,234,5
134,241,5
134,255,4
134,290,4
134,384,5
134,466,2
134,507,5
134,515,4
134,547,3
134,551,3
134,558,4
134,559,3
134,587,5
134,589,5
134,601,5
134,679,2
134,687,3
134,703,4
134,704,5
134,710,2
0,87,4
0,147,5
0,252,2
0,332,5
0,342,4
0,378,2
0,411,3
0,453,5
0,517,4
0,550,3
127,120,4
127,51,3
127,148,2
127,324,3
127,326,2
127,370,5
127,436,4
127,500,3
127,514,3
127,554,2
127,598,3
316,204,3
59,46,3
59,618,5
326,104,2
326,56,3
326,335,4
326,363,5
326,365,4
326,370,4
326,381,2
326,436,3
326,437,2
326,514,3
326,576,3
326,580,3
326,591,3
69,60,4
69,24,4
69,21,4
69,5,5
69,47,3
69,78,5
69,86,3
69,92,2
69,107,1
69,115,2
69,116,4
69,147,5
69,169,5
69,180,4
69,198,5
69,205,4
69,206,5
69,207,4
69,213,5
69,216,5
69,221,5
69,237,3
69,248,4
69,252,5
69,266,4
69,271,5
69,277,5
69,296,5
69,298,5
69,301,2
69,302,2
69,318,4
69,324,5
69,332,3
69,363,4
69,369,4
69,370,4
69,372,4
69,383,3
69,396,5
69,408,4
69,411,3
69,419,4
69,420,1
69,421,4
69,439,2
69,455,2
69,461,5
69,463,3
69,464,5
69,465,3
69,475,2
69,517,3
69,521,2
69,544,5
69,545,3
69,546,5
69,548,4
69,550,4
69,570,5
69,580,5
69,581,4
69,591,4
69,609,5
69,623,4
69,638,4
69,659,2
69,665,4
69,674,4
69,681,5
69,682,4
69,701,4
196,131,3
196,437,4
196,480,3
196,483,2
196,555,5
196,598,2
196,608,2
267,291,3
10,29,5
10,57,5
10,62,4
10,95,2
10,100,4
10,118,2
10,134,1
10,156,5
10,168,1
10,173,2
10,178,5
10,181,5
10,186,4
10,190,4
10,222,3
10,230,4
10,241,5
10,255,5
10,273,5
10,290,3
10,334,3
10,384,5
10,460,5
10,466,4
10,474,5
10,492,4
10,507,4
10,515,5
10,547,2
10,557,4
10,559,2
10,579,3
10,587,3
10,601,5
10,643,4
10,687,2
10,703,4
10,704,4
551,547,2
551,173,3
551,168,2
551,29,5
551,62,3
551,95,4
551,515,2
551,557,3
551,558,4
344,304,5
344,7,2
344,393,2
344,438,4
344,470,2
344,538,3
344,686,3
87,71,5
87,69,4
87,13,4
87,0,4
87,8,2
87,30,5
87,147,3
87,195,4
87,213,2
87,252,2
87,342,4
87,352,4
87,357,4
87,367,5
87,378,4
87,392,4
87,396,2
87,411,2
87,420,4
87,494,5
87,505,5
87,517,3
87,544,3
87,546,1
87,659,4
285,94,3
285,56,2
285,296,5
285,376,4
285,440,3
285,480,2
285,500,2
285,502,4
285,555,3
285,576,3
285,580,4
28,4,4
28,124,4
28,159,5
28,182,5
28,192,4
28,211,4
28,228,3
28,249,4
28,267,5
28,268,5
28,286,2
28,291,5
28,338,5
28,347,5
28,425,5
28,476,5
28,481,1
28,522,3
28,532,4
28,538,5
28,549,5
28,556,3
28,566,4
28,594,4
28,606,1
28,707,3
155,64,5
155,68,2
155,106,5
155,226,2
155,398,3
155,680,4
155,693,4
57,49,5
57,38,4
57,31,4
57,29,5
57,10,4
57,2,4
57,26,5
57,62,4
57,95,5
57,100,2
57,103,5
57,118,4
57,134,4
57,138,5
57,149,4
57,154,4
57,156,5
57,173,5
57,177,4
57,178,4
57,181,5
57,186,3
57,190,2
57,222,3
57,230,3
57,241,5
57,243,5
57,265,4
57,284,3
57,290,3
57,311,5
57,334,5
57,371,2
57,384,1
57,397,3
57,406,5
57,416,5
57,428,5
57,449,5
57,460,4
57,466,4
57,492,2
57,515,3
57,551,4
57,557,5
57,558,3
57,587,2
57,589,3
57,607,4
57,643,4
57,679,5
57,703,4
57,710,2
598,591,5
598,576,5
598,554,5
598,207,5
598,206,4
598,200,4
598,196,2
598,148,2
598,131,5
598,127,3
598,56,4
598,51,4
598,44,5
598,3,1
598,79,5
598,94,4
598,104,3
598,276,5
598,285,3
598,294,5
598,298,4
598,324,5
598,326,5
598,358,5
598,408,5
598,440,4
598,454,4
598,462,4
598,464,5
598,480,5
598,483,5
598,500,3
598,511,4
598,526,4
598,608,4
598,623,5
598,629,5
598,639,4
598,645,4
598,657,4
598,692,5
25,4,4
25,43,4
25,63,3
25,74,4
25,98,5
25,146,5
25,152,1
25,157,4
25,159,4
25,165,5
25,189,5
25,228,5
25,235,5
25,238,5
25,244,5
25,263,4
25,268,4
25,270,2
25,276,5
25,288,4
25,291,5
25,303,2
25,338,3
25,343,4
25,347,2
25,355,4
25,405,5
25,430,5
25,438,5
25,491,4
25,497,5
25,504,5
25,510,3
25,516,5
25,523,2
25,543,4
25,553,5
25,571,1
25,586,4
25,594,3
25,596,3
25,599,4
25,615,5
25,616,4
25,620,5
25,647,5
25,655,5
25,656,4
25,689,5
25,707,4
25,713,5
566,543,3
566,225,4
152,43,4
152,39,4
152,36,5
152,6,5
152,4,3
152,16,4
152,25,1
152,63,4
152,74,3
152,88,5
152,98,5
152,157,5
152,159,4
152,189,4
152,208,5
152,228,4
152,238,4
152,239,5
152,261,4
152,263,5
152,268,5
152,270,1
152,276,5
152,288,4
152,291,4
152,303,4
152,304,5
152,308,3
152,338,2
152,340,5
152,343,5
152,355,4
152,405,5
152,425,5
152,430,5
152,438,4
152,445,5
152,446,4
152,491,4
152,497,5
152,510,4
152,523,4
152,540,5
152,543,5
152,553,5
152,571,2
152,586,5
152,594,2
152,596,3
152,599,5
152,600,4
152,615,4
152,616,4
152,622,5
152,686,5
152,689,4
152,707,2
152,713,3
21,8,2
21,392,3
21,517,3
21,550,2
21,659,4
562,542,5
562,209,3
562,183,3
562,142,3
562,17,2
562,22,3
562,99,4
562,109,3
562,498,4
562,525,2
562,577,5
562,635,4
148,127,2
148,51,5
148,47,4
148,44,5
148,40,5
148,3,1
148,79,4
148,94,1
148,107,5
148,112,4
148,113,4
148,115,4
148,119,5
148,157,5
148,196,3
148,200,3
148,206,3
148,207,4
148,216,5
148,259,5
148,262,5
148,266,5
148,276,3
148,285,2
148,294,4
148,318,4
148,324,5
148,326,4
148,335,5
148,365,3
148,372,4
148,376,5
148,381,4
148,383,5
148,408,3
148,421,5
148,423,5
148,436,5
148,437,4
148,440,5
148,454,4
148,463,5
148,475,5
148,480,3
148,483,4
148,500,2
148,502,4
148,511,5
148,514,3
148,545,5
148,554,5
148,555,4
148,576,4
148,580,5
148,585,5
148,591,2
148,598,2
148,608,3
148,612,4
148,623,3
148,629,4
148,639,5
148,645,4
148,673,5
148,682,5
148,692,5
148,708,4
50,22,5
591,585,2
591,581,5
591,580,4
591,576,5
591,555,4
591,554,4
591,545,5
591,221,4
591,216,5
591,207,5
591,206,2
591,200,2
591,196,5
591,180,4
591,148,2
591,130,5
591,127,3
591,47,3
591,40,5
591,3,4
591,19,4
591,69,4
591,78,3
591,86,5
591,94,1
591,104,3
591,107,4
591,112,5
591,113,4
591,116,4
591,120,4
591,257,5
591,262,4
591,266,4
591,271,5
591,285,4
591,294,5
591,296,5
591,298,5
591,301,5
591,302,5
591,318,1
591,324,3
591,326,3
591,335,5
591,358,5
591,363,5
591,365,2
591,366,5
591,370,4
591,372,2
591,381,5
591,410,4
591,420,5
591,423,4
591,436,4
591,437,5
591,439,5
591,463,3
591,464,5
591,475,3
591,480,4
591,494,4
591,500,4
591,511,5
591,514,5
591,519,5
591,521,5
591,598,5
591,608,5
591,617,4
591,625,4
591,639,4
591,659,5
591,673,4
591,682,5
591,691,5
591,692,4
591,708,3
265,179,3
265,186,5
8,19,5
8,87,2
8,302,5
549,249,1
549,15,1
549,28,5
549,286,2
549,472,2
549,481,4
549,522,4
549,552,5
549,556,3
549,654,4
135,51,5
135,40,4
135,32,2
135,5,2
135,79,4
135,86,5
135,104,5
135,115,5
135,119,2
135,120,4
135,188,1
135,193,5
135,199,5
135,200,5
135,206,5
135,207,4
135,259,5
135,260,4
135,266,5
135,274,4
135,285,4
135,296,3
135,298,4
135,324,4
135,326,5
135,353,4
135,358,2
135,366,5
135,369,5
135,370,4
135,376,2
135,383,5
135,385,4
135,401,1
135,421,4
135,423,5
135,437,4
135,457,3
135,464,3
135,480,4
135,493,4
135,511,5
135,519,4
135,545,5
135,548,4
135,555,2
135,580,3
135,608,5
135,623,5
135,639,4
135,645,4
135,692,5
273,133,5
273,138,3
273,388,2
273,389,4
273,434,2
16,6,4
16,63,2
16,165,3
16,261,3
16,288,5
16,308,3
16,405,4
16,510,5
16,620,5
16,622,2
557,62,3
73,41,5
73,531,3
200,86,4
200,206,2
200,318,3
200,324,2
200,358,4
200,370,3
200,376,5
200,381,3
200,436,3
200,500,3
200,511,5
200,570,5
200,576,4
200,612,2
200,625,4
200,639,3
200,645,5
271,665,3
14,13,3
14,0,3
14,30,4
14,52,4
14,55,5
14,61,4
14,68,5
14,71,2
14,132,5
14,187,5
14,195,2
14,210,4
14,342,2
14,352,4
14,357,5
14,367,1
14,374,2
14,377,4
14,378,3
14,396,4
14,485,4
14,544,4
14,550,5
14,565,2
14,653,4
555,207,3
555,135,3
555,40,2
555,79,4
555,112,5
555,120,4
555,260,3
555,358,2
555,376,3
555,401,3
555,493,2
555,500,5
555,623,4
300,66,5
300,542,3
43,36,5
43,4,5
43,77,5
43,94,4
43,98,5
43,165,3
43,223,3
43,263,4
43,276,2
43,308,4
43,340,3
43,430,2
170,155,2
170,245,3
170,247,5
170,309,3
170,390,4
170,398,4
170,429,2
170,599,3
170,622,5
335,326,4
335,324,3
335,298,3
335,296,5
335,294,2
335,285,4
335,274,5
335,266,5
335,260,5
335,259,4
335,120,4
335,119,4
335,115,5
335,104,4
335,94,5
335,79,2
335,5,3
335,32,2
335,40,3
335,44,2
335,47,5
335,56,3
335,127,5
335,148,5
335,188,3
335,193,5
335,196,5
335,199,4
335,200,4
335,206,4
335,207,4
335,353,4
335,358,1
335,363,4
335,365,5
335,366,5
335,369,5
335,376,1
335,381,4
335,383,5
335,385,5
335,401,2
335,408,5
335,421,4
335,423,4
335,437,2
335,440,5
335,454,5
335,457,4
335,462,4
335,463,5
335,464,2
335,493,4
335,502,5
335,511,4
335,519,4
335,545,5
335,548,4
335,555,4
335,570,5
335,576,2
335,580,3
335,591,5
335,608,5
335,623,4
335,632,4
335,639,2
335,692,4
335,699,5
335,708,5
78,47,3
78,115,4
78,180,3
78,198,4
78,200,5
78,206,4
78,271,2
78,298,5
78,302,3
78,324,5
78,332,5
78,372,3
78,408,4
78,585,2
78,591,3
78,623,3
78,665,4
78,682,2
619,604,2
619,599,3
619,170,2
619,63,4
619,309,4
619,390,3
619,516,3
619,622,5
619,636,4
276,113,3
276,94,3
276,3,4
276,36,5
276,39,5
276,145,3
276,148,3
276,157,4
276,159,5
276,165,4
276,198,4
276,206,4
276,285,5
276,365,2
276,462,5
276,500,5
276,528,5
276,609,2
276,673,2
276,682,4
276,686,5
276,708,3
19,47,3
19,107,3
19,115,3
19,120,5
19,207,4
19,248,3
19,276,5
19,302,2
19,332,3
19,370,5
19,372,4
19,421,5
19,426,4
19,463,4
19,494,2
19,521,4
146,157,3
48,41,3
48,37,4
48,58,4
48,59,5
48,73,4
48,89,5
48,139,5
48,163,4
48,202,3
48,250,2
48,336,4
48,349,4
48,404,1
48,418,3
48,422,4
48,432,2
48,448,2
48,482,4
48,520,4
48,531,2
48,533,2
48,542,5
48,613,4
48,618,5
48,651,5
48,661,4
48,668,5
589,587,4
589,577,5
589,561,4
589,558,2
589,557,4
589,551,5
589,547,5
589,241,4
589,234,3
589,230,2
589,222,4
589,190,3
589,186,2
589,178,2
589,177,4
589,167,5
589,156,5
589,154,3
589,138,4
589,134,5
589,133,5
589,129,4
589,57,2
589,49,4
589,38,3
589,29,4
589,2,3
589,100,4
589,103,4
589,118,4
589,265,5
589,269,5
589,273,3
589,284,1
589,290,4
589,311,4
589,371,2
589,388,5
589,389,4
589,406,3
589,416,4
589,428,2
589,434,5
589,460,4
589,466,5
589,474,5
589,492,3
589,495,5
589,529,5
589,601,1
589,607,5
589,644,5
589,667,5
589,672,5
263,63,3
263,16,4
263,152,5
263,157,2
263,165,2
263,238,5
263,268,3
263,287,2
263,292,5
263,430,3
263,490,3
263,497,4
263,600,3
263,620,3
6,11,5
6,16,4
6,39,4
6,63,4
6,98,4
6,145,1
6,146,5
6,151,5
6,159,5
6,165,2
6,220,5
6,238,5
6,263,4
6,268,4
6,270,5
6,276,4
6,287,4
6,288,3
6,303,5
6,343,4
6,347,4
6,355,5
6,400,4
6,405,3
6,429,5
6,430,4
6,490,5
6,491,2
6,497,5
6,502,5
6,504,2
6,516,4
6,553,1
6,586,3
6,594,4
6,599,4
6,600,3
6,605,4
6,609,4
6,620,2
6,622,2
6,655,4
6,656,5
6,680,5
6,696,4
547,234,5
547,230,3
547,173,4
547,134,3
547,29,4
547,460,3
547,466,4
547,559,2
547,587,2
547,607,2
133,72,4
133,83,3
133,90,2
133,99,5
133,109,3
133,142,4
133,227,4
133,323,4
133,336,5
133,498,3
133,542,5
133,562,2
133,662,3
133,664,3
133,667,5
351,341,2
351,306,4
351,1,2
351,245,3
351,361,3
351,619,5
94,69,5
94,19,5
94,3,2
94,6,5
94,40,5
94,43,4
94,47,3
94,51,4
94,56,5
94,104,2
94,107,4
94,112,5
94,113,4
94,115,4
94,116,5
94,119,5
94,120,5
94,145,4
94,148,1
94,157,4
94,165,5
94,180,5
94,198,4
94,200,4
94,216,4
94,223,3
94,238,4
94,262,5
94,263,5
94,266,5
94,268,5
94,276,2
94,285,3
94,288,4
94,294,4
94,296,5
94,298,5
94,304,5
94,318,2
94,324,4
94,326,2
94,335,5
94,353,5
94,358,5
94,365,4
94,370,5
94,372,3
94,376,5
94,383,5
94,405,5
94,408,2
94,410,4
94,423,4
94,430,4
94,436,4
94,437,3
94,438,5
94,457,5
94,462,3
94,463,4
94,475,4
94,480,5
94,494,5
94,500,3
94,502,2
94,510,5
94,511,4
94,514,4
94,521,5
94,528,5
94,543,4
94,554,5
94,555,4
94,576,4
94,580,4
94,585,4
94,591,1
94,598,4
94,608,4
94,609,2
94,612,4
94,616,5
94,617,5
94,620,4
94,623,3
94,625,3
94,629,4
94,639,5
94,645,5
94,673,4
94,682,4
94,692,3
94,708,5
94,713,5
635,49,5
292,288,5
292,74,2
292,65,5
292,7,5
292,211,3
292,425,3
292,451,2
292,510,4
292,540,3
292,615,3
292,626,4
292,689,4
292,690,5
292,707,2
292,713,3
35,27,5
35,46,4
35,59,4
35,80,4
35,96,4
35,204,4
35,245,2
35,281,2
35,306,1
35,316,5
35,356,4
35,361,4
35,443,5
35,448,5
35,477,2
35,531,5
35,602,4
35,618,3
35,661,4
35,684,4
35,694,2
35,709,3
576,555,5
576,548,5
576,207,5
576,206,4
576,200,4
576,196,4
576,188,4
576,148,4
576,131,5
576,127,4
576,56,4
576,51,4
576,44,4
576,32,4
576,5,4
576,3,4
576,79,3
576,94,4
576,104,3
576,119,5
576,259,5
576,260,4
576,274,5
576,285,2
576,294,3
576,296,5
576,298,4
576,326,3
576,335,3
576,353,5
576,358,3
576,365,5
576,370,5
576,381,5
576,385,4
576,401,5
576,408,5
576,421,5
576,423,5
576,436,1
576,437,3
576,440,4
576,457,4
576,462,4
576,464,4
576,480,4
576,483,3
576,500,2
576,502,4
576,511,2
576,519,5
576,580,4
576,591,5
576,623,5
576,632,4
576,639,2
576,645,4
576,692,5
162,149,5
162,49,4
162,17,3
162,22,4
162,72,3
162,76,2
162,83,3
162,109,4
162,167,5
162,183,5
162,227,4
162,264,5
162,269,4
162,328,2
162,498,4
162,503,4
162,642,3
162,666,5
268,263,3
268,261,4
268,98,4
268,94,5
268,88,4
268,74,4
268,65,5
268,64,5
268,63,5
268,28,5
268,25,4
268,16,5
268,4,2
268,6,4
268,39,4
268,43,4
268,145,3
268,146,4
268,157,5
268,159,1
268,165,2
268,171,5
268,175,5
268,198,4
268,208,3
268,211,4
268,228,4
268,233,4
268,235,5
268,238,2
268,239,4
268,276,4
268,280,4
268,287,5
268,288,3
268,303,5
268,304,3
268,308,3
268,340,3
268,347,2
268,350,4
268,355,5
268,365,4
268,372,4
268,400,5
268,405,1
268,425,4
268,438,3
268,445,5
268,451,5
268,471,5
268,481,5
268,490,4
268,491,5
268,497,2
268,504,4
268,510,4
268,523,2
268,532,4
268,540,4
268,553,5
268,566,5
268,568,5
268,571,4
268,586,4
268,596,4
268,600,2
268,605,4
268,615,3
268,616,3
268,620,3
268,625,5
268,626,5
268,629,5
268,656,3
268,689,2
268,690,5
268,692,5
268,696,4
268,713,2
11,4,4
11,25,2
11,74,5
11,98,3
11,159,5
11,189,2
11,244,3
11,270,3
11,347,3
11,400,5
11,405,4
11,543,5
11,594,3
11,622,4
11,656,2
552,549,5
552,247,1
552,245,5
552,226,5
552,218,4
552,151,3
552,9,5
552,15,4
552,106,3
552,121,5
552,272,3
552,361,4
552,390,5
552,417,4
552,429,4
552,472,2
552,572,4
552,578,4
552,592,4
552,599,5
552,604,3
552,619,5
552,654,1
552,655,5
552,680,5
552,684,2
138,66,4
138,76,4
138,89,5
138,109,4
138,154,4
138,179,4
138,227,4
138,243,3
138,562,3
138,577,2
138,660,2
138,664,5
138,672,2
138,711,3
99,90,4
99,89,2
99,83,3
99,76,5
99,72,5
99,67,2
99,66,3
99,22,4
99,17,4
99,33,3
99,50,4
99,54,5
99,58,4
99,109,2
99,133,4
99,136,3
99,138,5
99,142,2
99,160,5
99,162,5
99,164,5
99,183,1
99,194,3
99,197,5
99,202,5
99,209,5
99,212,4
99,214,3
99,229,5
99,250,5
99,264,4
99,279,5
99,283,3
99,299,4
99,300,4
99,312,5
99,321,4
99,328,5
99,379,4
99,389,5
99,418,5
99,431,5
99,458,4
99,482,5
99,503,4
99,520,4
99,537,4
99,542,2
99,562,4
99,613,4
99,627,4
99,634,3
99,635,5
99,642,4
99,663,4
99,666,2
99,672,4
99,688,1
40,32,4
40,188,2
40,207,4
40,370,4
40,401,3
40,421,3
40,436,5
40,612,5
581,545,4
581,248,5
581,237,5
581,207,5
581,205,5
581,198,5
581,147,5
581,130,5
581,47,4
581,19,2
581,69,5
581,78,3
581,86,5
581,92,4
581,107,4
581,115,4
581,120,5
581,271,4
581,302,3
581,318,4
581,332,4
581,365,5
581,383,5
581,420,5
581,426,5
581,439,4
581,455,4
581,475,3
581,494,2
581,521,5
581,528,5
581,585,2
581,591,5
581,617,1
581,623,5
581,638,2
581,659,4
581,665,4
581,681,5
581,682,3
581,692,5
581,701,4
581,708,4
167,156,4
167,154,2
167,138,2
167,133,4
167,129,2
167,54,5
167,38,5
167,33,4
167,31,2
167,29,4
167,62,4
167,72,4
167,76,5
167,83,5
167,90,5
167,103,3
167,109,5
167,177,3
167,178,4
167,179,4
167,186,4
167,214,5
167,229,4
167,230,4
167,234,2
167,243,1
167,264,5
167,265,5
167,269,3
167,284,4
167,299,5
167,311,2
167,323,5
167,371,5
167,388,3
167,389,4
167,397,4
167,406,2
167,415,5
167,428,2
167,434,5
167,460,5
167,492,3
167,495,4
167,518,4
167,525,5
167,529,5
167,558,5
167,561,4
167,562,4
167,577,2
167,587,5
167,635,4
167,642,5
167,644,3
167,666,4
167,667,1
167,672,3
167,703,5
167,711,5
167,712,3
89,83,4
89,67,3
89,66,4
89,27,4
89,22,4
89,17,5
89,48,5
89,50,4
89,58,2
89,90,5
89,99,3
89,109,2
89,133,5
89,136,4
89,142,4
89,160,4
89,183,3
89,194,2
89,212,5
89,214,4
89,250,4
89,264,5
89,279,5
89,283,4
89,299,5
89,300,4
89,321,5
89,323,1
89,336,4
89,379,2
89,418,5
89,431,4
89,432,5
89,458,4
89,503,5
89,520,4
89,525,5
89,531,5
89,537,5
89,542,3
89,613,2
89,621,4
89,627,3
89,634,4
89,635,5
89,651,4
89,663,5
89,666,3
89,670,2
89,672,4
30,0,2
30,71,4
30,367,2
30,517,5
30,550,4
30,637,3
30,693,5
571,543,5
571,244,4
571,226,5
571,189,5
571,170,5
571,165,5
571,159,5
571,157,4
571,152,2
571,145,5
571,43,5
571,39,5
571,4,5
571,25,1
571,63,3
571,74,5
571,261,5
571,263,3
571,268,4
571,270,4
571,288,4
571,303,1
571,308,2
571,309,4
571,338,4
571,347,3
571,400,5
571,405,4
571,430,5
571,490,5
571,504,4
571,510,5
571,516,4
571,523,3
571,586,4
571,594,4
571,599,3
571,605,4
571,620,5
571,622,5
571,647,4
571,655,4
571,656,2
571,680,5
571,707,5
571,713,4
157,145,2
157,63,4
157,74,5
157,292,5
157,347,5
157,430,3
157,491,3
157,600,4
157,616,4
157,622,4
601,589,1
601,579,5
601,561,5
601,558,3
601,551,4
601,547,4
601,243,4
601,241,3
601,234,5
601,230,4
601,227,4
601,222,4
601,186,3
601,178,4
601,177,3
601,156,4
601,154,3
601,149,4
601,138,4
601,134,5
601,129,5
601,49,4
601,38,4
601,29,3
601,10,5
601,2,4
601,62,2
601,72,5
601,100,4
601,110,3
601,118,5
601,265,5
601,273,2
601,284,2
601,290,4
601,311,5
601,334,5
601,371,3
601,384,2
601,389,5
601,397,2
601,406,4
601,416,4
601,460,5
601,466,5
601,492,2
601,507,5
601,518,4
601,529,5
601,607,3
601,667,5
601,672,5
601,703,2
601,710,4
601,712,5
187,30,3
187,61,5
1,46,5
1,80,5
1,96,2
1,106,5
1,151,5
1,204,4
1,245,2
1,247,5
1,253,3
1,281,5
1,306,5
1,341,4
1,345,3
1,351,2
1,356,4
1,361,2
1,390,1
1,477,4
1,592,5
1,619,4
1,684,4
1,694,4
1,709,5
542,194,4
542,33,4
542,67,4
542,83,3
542,99,2
542,402,3
542,668,5
542,711,5
76,72,4
76,22,4
76,83,3
76,142,3
76,164,5
76,183,4
76,197,2
76,227,5
76,229,4
76,264,5
76,283,4
76,498,4
76,503,3
76,635,3
76,664,2
617,591,4
617,585,1
617,581,1
617,570,5
617,545,5
617,237,5
617,221,5
617,207,4
617,206,5
617,205,5
617,200,5
617,198,4
617,180,4
617,47,3
617,19,4
617,24,5
617,69,5
617,86,4
617,92,4
617,94,5
617,107,5
617,115,4
617,120,4
617,257,4
617,271,5
617,298,5
617,301,3
617,302,4
617,318,2
617,324,5
617,332,5
617,370,5
617,372,3
617,383,5
617,411,5
617,421,5
617,439,3
617,455,4
617,465,5
617,475,2
617,502,5
617,521,5
617,528,3
617,623,4
617,625,3
617,638,4
617,659,3
617,665,5
617,674,2
617,682,2
617,691,4
617,692,4
617,701,4
617,708,3
274,119,3
274,381,4
17,2,5
17,31,5
17,49,3
17,54,2
17,58,5
17,66,4
17,67,5
17,72,4
17,76,4
17,83,1
17,89,5
17,99,4
17,109,2
17,129,4
17,136,5
17,138,5
17,142,2
17,149,4
17,162,2
17,177,4
17,179,5
17,183,3
17,197,1
17,209,5
17,212,4
17,214,2
17,227,3
17,229,2
17,243,5
17,264,3
17,269,4
17,299,5
17,311,4
17,312,3
17,323,4
17,328,2
17,389,4
17,397,5
17,406,5
17,434,5
17,495,4
17,498,2
17,525,4
17,542,4
17,562,2
17,635,3
17,642,2
17,644,4
17,651,5
17,660,5
17,662,4
17,664,3
17,666,3
17,668,5
17,672,4
17,688,5
17,711,4
17,712,4
558,190,5
558,57,3
558,38,4
558,29,2
558,10,5
558,110,4
558,273,5
558,371,2
558,589,3
558,601,3
303,288,5
303,287,5
303,270,5
303,268,5
303,263,5
303,261,5
303,25,2
303,16,4
303,6,5
303,132,5
303,145,5
303,152,4
303,157,4
303,165,4
303,244,3
303,308,3
303,338,5
303,347,4
303,355,5
303,400,4
303,405,4
303,491,5
303,504,4
303,510,4
303,523,4
303,571,1
303,594,5
303,596,2
303,605,2
303,620,5
303,622,4
303,647,5
303,656,3
303,713,5
46,41,4
46,163,4
46,306,5
46,337,2
46,404,4
46,448,3
46,602,2
587,241,3
587,234,4
587,222,3
587,179,5
587,156,3
587,134,4
587,57,2
587,290,4
587,416,2
587,703,2
173,168,3
173,57,5
173,29,5
173,10,2
173,62,4
173,95,2
173,100,3
173,118,2
173,181,5
173,230,5
173,255,5
173,290,4
173,384,5
173,466,4
173,507,4
173,547,5
173,551,3
173,558,4
173,559,4
173,579,4
173,587,4
173,643,3
173,679,1
173,687,2
173,703,5
173,710,5
320,270,2
320,263,4
320,4,3
320,36,5
320,157,5
320,159,4
320,208,2
320,228,3
320,239,5
320,338,2
320,425,4
320,451,3
320,510,3
320,615,3
320,686,5
63,25,3
63,16,2
63,6,5
63,42,5
63,43,5
63,132,4
63,145,4
63,152,4
63,155,4
63,157,5
63,165,3
63,215,5
63,226,4
63,244,2
63,261,2
63,263,3
63,268,5
63,270,5
63,287,5
63,288,4
63,308,2
63,309,3
63,338,5
63,343,4
63,347,4
63,355,4
63,400,4
63,405,4
63,417,4
63,429,4
63,430,5
63,504,3
63,510,4
63,516,2
63,553,5
63,571,2
63,594,5
63,596,1
63,599,1
63,603,4
63,619,4
63,620,4
63,622,4
63,647,4
63,655,3
63,656,3
63,680,4
63,713,5
604,599,3
604,592,4
604,578,4
604,552,3
604,253,2
604,247,2
604,244,5
604,218,4
604,210,5
604,170,4
604,155,4
604,52,5
604,42,3
604,9,3
604,1,4
604,63,4
604,68,4
604,106,1
604,121,5
604,261,5
604,309,5
604,361,2
604,377,4
604,390,3
604,398,5
604,400,5
604,417,4
604,491,4
604,516,2
604,619,2
604,622,4
604,636,3
604,655,2
190,2,3
190,273,2
190,311,4
190,389,5
190,561,2
261,98,4
261,63,2
261,16,2
261,4,5
261,39,5
261,43,4
261,145,2
261,152,4
261,157,2
261,159,5
261,165,1
261,170,5
261,189,5
261,208,5
261,220,4
261,238,5
261,244,2
261,268,4
261,270,4
261,276,4
261,287,5
261,288,3
261,308,2
261,343,3
261,347,3
261,355,4
261,365,5
261,400,3
261,405,2
261,429,5
261,430,4
261,490,4
261,491,1
261,497,5
261,504,4
261,510,3
261,516,4
261,543,5
261,553,3
261,594,4
261,599,3
261,600,3
261,604,5
261,609,4
261,619,5
261,620,3
261,622,4
261,647,4
261,655,4
261,656,4
261,680,5
4,6,5
4,25,4
4,28,4
4,36,3
4,39,5
4,43,5
4,65,4
4,74,2
4,88,5
4,98,5
4,145,4
4,146,4
4,152,3
4,157,5
4,165,4
4,171,4
4,198,4
4,208,4
4,211,4
4,225,4
4,228,2
4,233,5
4,235,4
4,238,4
4,239,3
4,244,5
4,261,5
4,263,4
4,268,3
4,270,2
4,276,5
4,280,4
4,304,3
4,308,4
4,320,2
4,338,4
4,340,5
4,347,2
4,368,4
4,393,4
4,405,3
4,425,2
4,438,2
4,445,4
4,451,4
4,471,4
4,476,4
4,484,5
4,497,5
4,510,5
4,513,3
4,522,4
4,523,3
4,540,3
4,543,4
4,566,5
4,568,5
4,571,5
4,586,5
4,594,1
4,596,5
4,600,3
4,615,1
4,616,5
4,620,4
4,626,4
4,686,3
4,689,2
4,690,4
4,713,3
545,237,3
545,205,4
545,188,5
545,127,5
545,40,5
545,19,4
545,24,2
545,86,2
545,102,3
545,115,2
545,257,5
545,298,3
545,358,4
545,408,4
545,421,3
545,463,4
545,464,3
545,494,3
545,548,4
545,555,5
545,591,5
545,617,4
131,480,3
131,629,4
290,38,3
290,57,3
290,190,5
290,222,2
290,255,5
290,384,3
290,558,2
290,559,3
290,589,4
290,679,5
33,22,4
33,66,4
33,83,2
33,99,3
33,162,4
33,183,3
33,194,4
33,209,2
33,212,3
33,214,2
33,323,3
33,328,3
33,379,4
33,458,5
33,651,5
33,688,4
33,712,4
345,306,2
345,59,3
345,46,3
345,361,5
345,694,2
88,189,4
88,288,3
629,198,5
629,692,3
286,74,4
286,65,5
286,28,2
286,15,4
286,7,4
286,36,5
286,228,2
286,233,5
286,238,5
286,239,5
286,249,1
286,291,3
286,292,4
286,304,5
286,425,4
286,438,4
286,472,5
286,476,4
286,481,1
286,522,2
286,540,3
286,543,4
286,549,2
286,556,2
286,606,4
286,615,5
286,626,4
286,686,4
286,689,5
286,690,5
286,713,5
29,31,4
29,110,3
29,167,4
29,186,4
29,234,2
29,273,5
29,284,2
29,388,5
29,428,3
29,492,3
29,601,3
29,710,5
570,248,5
570,207,5
570,130,3
570,5,3
570,69,4
570,326,5
570,353,3
570,366,4
570,369,2
570,423,4
570,437,5
570,701,4
260,102,4
3,32,5
3,44,5
3,47,5
3,51,5
3,56,4
3,79,4
3,94,2
3,104,3
3,112,5
3,113,5
3,115,5
3,119,5
3,120,5
3,127,4
3,131,4
3,148,1
3,200,5
3,206,3
3,207,4
3,274,5
3,276,4
3,285,4
3,294,4
3,298,4
3,318,5
3,326,3
3,376,5
3,381,4
3,408,4
3,421,5
3,423,5
3,436,5
3,437,5
3,454,4
3,462,2
3,463,5
3,464,5
3,480,4
3,483,5
3,502,3
3,511,3
3,514,2
3,554,4
3,555,5
3,576,5
3,591,4
3,598,1
3,608,2
3,623,4
3,629,4
3,632,5
3,645,4
3,657,4
3,692,4
3,708,5
130,47,4
130,5,5
130,0,5
130,19,4
130,24,5
130,78,5
130,86,3
130,92,2
130,107,2
130,115,3
130,116,5
130,147,3
130,169,2
130,180,4
130,205,4
130,207,4
130,213,5
130,221,4
130,237,2
130,248,5
130,262,2
130,266,3
130,277,4
130,296,5
130,298,5
130,301,4
130,318,5
130,332,4
130,352,4
130,363,4
130,366,4
130,369,3
130,372,4
130,383,2
130,396,5
130,408,5
130,410,5
130,411,2
130,419,4
130,420,2
130,421,4
130,426,3
130,439,4
130,463,3
130,464,5
130,465,2
130,517,1
130,521,1
130,528,4
130,544,4
130,546,5
130,548,4
130,550,4
130,564,3
130,570,3
130,580,5
130,581,5
130,583,5
130,591,5
130,623,4
130,638,5
130,659,4
130,665,2
130,674,4
130,681,4
130,682,5
130,691,3
130,701,2
64,25,3
64,16,2
64,42,4
64,261,4
64,303,2
64,308,3
64,347,4
64,377,5
64,405,5
64,510,5
64,523,5
64,596,3
64,647,2
605,600,4
605,596,2
605,244,2
605,165,3
605,145,4
605,43,5
605,268,4
605,347,3
605,355,3
605,400,3
605,405,3
605,430,5
605,713,5
5,47,5
5,51,5
5,56,4
5,60,5
5,69,5
5,79,2
5,82,4
5,86,3
5,102,4
5,107,4
5,112,5
5,115,4
5,119,3
5,120,4
5,130,5
5,135,2
5,169,4
5,188,1
5,193,4
5,200,4
5,201,4
5,207,4
5,259,5
5,260,5
5,262,5
5,266,4
5,277,5
5,296,2
5,302,5
5,324,4
5,326,5
5,335,3
5,353,2
5,358,2
5,363,4
5,366,3
5,369,2
5,370,2
5,376,4
5,383,3
5,401,4
5,408,5
5,421,2
5,423,4
5,436,4
5,437,5
5,455,4
5,457,4
5,461,5
5,475,5
5,493,4
5,500,5
5,514,5
5,519,5
5,521,4
5,528,4
5,545,4
5,548,1
5,555,4
5,570,3
5,576,4
5,623,5
5,682,5
5,691,5
5,692,5
5,699,3
5,701,5
5,708,5
546,205,5
546,130,5
546,13,4
546,21,4
546,71,4
546,87,1
546,342,3
546,357,2
546,392,5
546,396,3
546,411,3
546,420,4
546,485,5
546,505,4
546,517,4
546,550,2
546,659,5
132,52,4
132,42,4
132,30,4
132,0,5
132,14,5
132,63,4
132,68,2
132,195,4
132,210,2
132,215,3
132,242,3
132,303,5
132,309,2
132,352,5
132,374,4
132,398,1
132,488,4
132,599,4
132,603,5
132,680,4
132,683,4
132,693,2
304,268,3
304,175,4
304,340,2
304,425,5
304,451,5
304,471,3
304,594,4
304,611,3
304,713,4
47,40,5
47,5,5
47,3,5
47,19,3
47,24,4
47,60,5
47,69,3
47,78,2
47,86,4
47,92,5
47,94,3
47,104,4
47,107,3
47,112,5
47,113,4
47,116,3
47,120,2
47,130,4
47,148,4
47,180,4
47,188,5
47,193,5
47,198,3
47,200,3
47,201,4
47,206,2
47,207,2
47,216,4
47,221,5
47,237,5
47,248,4
47,257,4
47,262,2
47,266,4
47,271,4
47,276,5
47,285,5
47,294,5
47,296,4
47,298,3
47,301,4
47,302,5
47,324,3
47,332,5
47,335,5
47,358,4
47,363,4
47,365,4
47,366,4
47,370,3
47,372,4
47,383,5
47,410,5
47,411,5
47,420,4
47,421,5
47,436,5
47,437,4
47,455,5
47,461,5
47,464,4
47,465,5
47,475,1
47,480,5
47,494,2
47,497,5
47,500,5
47,517,4
47,528,3
47,545,4
47,548,5
47,555,4
47,564,5
47,570,4
47,580,5
47,581,4
47,585,2
47,591,2
47,600,5
47,612,4
47,617,3
47,623,1
47,629,5
47,638,4
47,639,4
47,659,4
47,665,4
47,673,5
47,674,3
47,681,4
47,682,4
47,691,4
47,699,5
47,708,2
309,308,5
309,303,4
309,272,5
309,263,5
309,71,5
309,68,3
309,63,3
309,61,3
309,42,2
309,132,3
309,151,4
309,155,4
309,170,2
309,215,2
309,226,1
309,253,5
309,361,5
309,374,5
309,377,4
309,390,5
309,417,5
309,429,2
309,485,4
309,571,4
309,592,4
309,596,4
309,599,2
309,603,5
309,604,4
309,619,4
309,622,3
309,680,2
309,683,4
309,684,5
309,693,5
52,14,4
52,61,4
52,309,5
52,374,2
52,453,3
52,653,2
179,177,3
179,164,3
179,149,4
179,31,4
179,90,4
179,103,5
179,227,4
179,243,2
179,397,4
179,406,4
179,529,5
179,577,3
179,589,5
179,644,2
179,667,3
299,72,5
299,525,3
42,52,3
42,309,2
42,377,2
42,603,3
42,696,5
583,92,5
583,505,4
169,147,3
169,130,2
169,40,5
169,32,5
169,5,4
169,19,5
169,21,5
169,24,5
169,60,2
169,69,4
169,79,5
169,82,5
169,86,4
169,92,4
169,102,4
169,188,5
169,201,3
169,205,4
169,206,5
169,207,4
169,216,5
169,237,2
169,262,3
169,266,2
169,271,5
169,277,4
169,298,4
169,301,5
169,302,4
169,332,3
169,352,5
169,353,3
169,358,5
169,363,3
169,369,1
169,372,5
169,383,2
169,408,4
169,410,4
169,411,4
169,420,4
169,421,3
169,423,3
169,426,4
169,439,5
169,461,1
169,463,3
169,464,4
169,465,3
169,494,5
169,517,3
169,528,4
169,544,5
169,545,5
169,548,2
169,550,5
169,564,2
169,583,4
169,623,5
169,665,4
169,681,3
169,682,4
169,691,4
169,699,5
169,701,2
169,708,5
301,271,5
301,262,4
301,257,4
301,120,5
301,116,5
301,115,4
301,107,3
301,92,4
301,86,4
301,69,2
301,47,4
301,130,5
301,147,4
301,169,5
301,205,4
301,207,5
301,237,4
301,248,4
301,302,2
301,318,4
301,332,4
301,369,5
301,370,5
301,372,4
301,383,4
301,408,5
301,421,5
301,439,2
301,455,5
301,461,5
301,465,4
301,475,2
301,494,1
301,517,5
301,521,4
301,528,3
301,545,4
301,570,5
301,583,5
301,585,3
301,591,5
301,617,2
301,623,5
301,665,4
301,674,4
301,681,5
301,682,3
301,692,5
301,701,3
44,56,5
44,358,3
44,401,2
44,555,4
44,639,4
585,581,2
585,580,5
585,570,5
585,545,3
585,248,4
585,237,5
585,235,4
585,223,5
585,216,4
585,207,4
585,206,4
585,200,4
585,198,3
585,180,5
585,148,5
585,127,5
585,47,2
585,19,3
585,60,5
585,78,2
585,86,4
585,92,5
585,94,4
585,102,5
585,104,5
585,107,5
585,115,5
585,116,4
585,120,5
585,257,4
585,262,4
585,271,5
585,298,4
585,301,3
585,302,5
585,318,1
585,324,4
585,326,5
585,363,5
585,365,3
585,370,4
585,383,5
585,408,4
585,410,5
585,411,5
585,420,4
585,421,5
585,437,5
585,439,5
585,455,4
585,464,5
585,494,3
585,517,5
585,528,4
585,591,2
585,609,3
585,617,1
585,623,3
585,638,3
585,639,5
585,659,4
585,674,4
585,682,4
585,691,4
585,692,3
585,701,5
585,708,2
103,33,3
103,323,4
103,525,5
103,529,2
103,562,4
103,711,2
644,642,3
644,577,3
644,227,4
644,177,4
644,162,2
644,149,4
644,129,4
644,49,3
644,31,5
644,17,4
644,90,3
644,109,5
644,110,5
644,498,4
644,529,5
644,666,5
644,712,2
104,94,2
104,86,5
104,79,4
104,78,5
104,3,2
104,32,4
104,40,4
104,43,5
104,44,4
104,47,4
104,51,4
104,56,5
104,107,5
104,112,4
104,113,4
104,115,4
104,119,4
104,120,5
104,135,5
104,200,4
104,206,1
104,207,3
104,216,5
104,259,5
104,262,5
104,266,5
104,276,4
104,288,5
104,294,3
104,296,5
104,298,3
104,318,4
104,324,3
104,326,2
104,335,5
104,353,5
104,358,5
104,365,3
104,366,5
104,369,5
104,372,5
104,376,4
104,381,5
104,383,4
104,385,5
104,401,5
104,408,3
104,410,5
104,421,4
104,423,4
104,436,2
104,437,4
104,440,4
104,454,5
104,462,4
104,463,4
104,475,5
104,480,2
104,483,5
104,500,1
104,502,2
104,511,3
104,514,2
104,519,4
104,521,5
104,526,5
104,528,5
104,545,4
104,548,5
104,554,4
104,555,4
104,576,3
104,580,5
104,585,5
104,591,3
104,598,3
104,608,3
104,609,4
104,612,4
104,623,2
104,625,4
104,629,3
104,645,5
104,657,4
104,692,3
104,699,4
645,639,3
645,199,3
645,51,5
645,44,2
645,104,4
645,376,2
645,385,2
645,437,4
106,68,5
106,61,5
106,1,5
106,9,4
106,121,4
106,151,2
106,170,3
106,210,5
106,215,4
106,218,5
106,253,3
106,272,2
106,309,5
106,351,5
106,361,3
106,377,4
106,390,4
106,417,5
106,429,3
106,578,4
106,604,1
106,619,4
106,636,4
106,655,4
106,680,3
106,684,2
647,42,3
107,104,5
107,102,4
107,94,4
107,92,3
107,86,2
107,82,5
107,78,4
107,69,1
107,60,3
107,24,5
107,21,5
107,19,2
107,5,4
107,40,5
107,47,2
107,112,5
107,115,1
107,120,3
107,130,3
107,169,5
107,180,5
107,188,5
107,198,4
107,201,4
107,205,5
107,206,4
107,207,2
107,216,4
107,221,4
107,237,4
107,248,4
107,262,3
107,271,3
107,296,4
107,298,4
107,301,3
107,302,4
107,332,5
107,358,5
107,363,5
107,369,5
107,370,3
107,372,3
107,383,2
107,408,3
107,410,5
107,411,4
107,419,5
107,420,2
107,421,3
107,423,4
107,426,4
107,437,5
107,439,3
107,455,4
107,464,4
107,465,4
107,494,2
107,517,3
107,528,2
107,544,5
107,548,4
107,550,5
107,555,5
107,564,4
107,570,3
107,580,4
107,581,4
107,583,4
107,591,4
107,609,5
107,617,4
107,623,3
107,625,5
107,638,4
107,639,5
107,659,3
107,665,3
107,673,4
107,674,4
107,681,5
107,691,2
107,701,3
107,708,4
109,103,4
109,99,2
109,90,3
109,89,2
109,83,1
109,72,4
109,67,3
109,66,2
109,22,2
109,17,2
109,2,5
109,33,4
109,50,5
109,54,4
109,58,3
109,129,5
109,133,3
109,136,3
109,138,4
109,142,3
109,162,4
109,164,4
109,167,5
109,179,5
109,197,4
109,209,4
109,212,5
109,214,3
109,229,4
109,243,5
109,264,4
109,269,5
109,283,2
109,299,4
109,311,5
109,312,4
109,321,4
109,323,1
109,328,4
109,349,5
109,388,4
109,389,4
109,402,4
109,404,5
109,418,4
109,431,4
109,432,5
109,458,3
109,498,4
109,503,3
109,525,5
109,533,4
109,537,5
109,542,2
109,562,3
109,577,4
109,627,4
109,634,4
109,635,3
109,642,2
109,644,4
109,651,3
109,660,4
109,662,4
109,663,3
109,664,4
109,666,2
109,667,5
109,668,3
109,670,2
109,672,2
109,688,3
109,711,3
109,712,4
110,103,5
110,100,4
110,72,4
110,62,4
110,2,2
110,29,2
110,33,5
110,38,4
110,49,4
110,129,3
110,133,4
110,138,3
110,154,1
110,156,4
110,162,5
110,164,5
110,179,3
110,186,4
110,222,5
110,229,5
110,234,4
110,241,2
110,243,3
110,265,4
110,269,4
110,273,3
110,284,2
110,290,5
110,311,4
110,371,4
110,388,3
110,389,4
110,397,3
110,406,2
110,416,5
110,428,1
110,434,4
110,460,4
110,492,4
110,495,5
110,518,5
110,529,4
110,547,5
110,557,5
110,558,4
110,561,5
110,562,5
110,577,5
110,587,5
110,601,2
110,642,5
110,666,5
110,667,2
110,672,4
110,703,4
110,711,5
651,109,3
651,402,4
651,666,4
651,688,2
296,115,4
296,86,4
296,79,4
296,5,2
296,32,3
296,135,3
296,383,3
296,410,5
296,511,5
296,608,5
296,639,5
39,504,3
39,647,4
580,545,4
580,216,5
580,196,5
580,193,2
580,188,3
580,135,3
580,47,4
580,44,5
580,79,3
580,104,5
580,115,3
580,296,2
580,335,3
580,401,4
580,464,2
580,493,3
580,608,5
349,37,5
115,113,4
115,112,4
115,107,1
115,104,4
115,102,5
115,94,4
115,92,4
115,86,4
115,78,4
115,69,2
115,60,4
115,24,5
115,19,3
115,5,4
115,40,4
115,119,5
115,130,3
115,135,5
115,147,5
115,148,4
115,180,3
115,188,4
115,193,5
115,198,4
115,201,3
115,206,3
115,207,1
115,216,5
115,221,4
115,223,5
115,237,5
115,248,4
115,262,2
115,271,4
115,276,5
115,277,4
115,294,5
115,296,5
115,298,2
115,301,4
115,302,3
115,324,3
115,332,4
115,335,5
115,358,4
115,363,3
115,365,5
115,366,4
115,369,5
115,370,2
115,372,3
115,408,2
115,410,4
115,411,5
115,420,4
115,421,2
115,426,5
115,436,5
115,439,4
115,455,3
115,461,4
115,463,3
115,464,3
115,465,5
115,475,2
115,480,5
115,494,3
115,500,5
115,517,4
115,521,3
115,528,4
115,545,2
115,548,5
115,554,5
115,555,4
115,564,4
115,570,4
115,580,3
115,581,4
115,583,4
115,585,4
115,612,5
115,617,4
115,623,2
115,625,4
115,638,4
115,639,4
115,659,4
115,674,4
115,681,4
115,682,2
115,691,3
115,692,4
115,699,4
115,701,5
656,620,4
656,594,3
656,543,5
656,238,5
656,159,4
656,39,3
656,263,2
656,268,3
656,308,2
656,355,2
656,400,4
656,405,3
656,497,5
656,504,3
116,19,3
657,326,3
118,100,2
118,10,2
118,57,4
118,515,3
118,558,3
118,559,3
26,118,2
26,168,3
26,290,3
26,507,3
26,559,4
26,679,2
120,119,5
120,116,5
120,102,2
120,94,5
120,79,4
120,5,4
120,135,5
120,207,2
120,237,4
120,294,5
120,335,4
120,358,3
120,370,2
120,462,5
120,464,3
120,475,3
120,570,3
120,585,4
120,639,3
120,682,4
120,699,3
661,139,3
661,27,2
661,432,4
661,448,2
661,520,3
121,80,4
121,170,3
662,269,5
662,664,3
62,168,5
62,230,2
62,234,3
62,384,2
62,416,3
62,428,4
62,601,3
603,52,3
603,680,5
124,74,3
124,425,4
124,476,3
124,481,2
124,522,2
124,532,2
124,540,3
124,713,5
272,106,3
272,63,5
272,516,4
272,552,3
272,578,3
272,619,2
272,684,2
15,124,5
15,247,5
15,249,2
15,286,4
15,472,1
15,481,5
15,522,5
15,549,1
15,552,4
15,654,2
556,28,3
556,286,2
556,393,4
556,540,3
556,626,5
142,138,4
142,136,5
142,133,4
142,54,3
142,50,5
142,49,5
142,17,2
142,22,4
142,66,4
142,67,4
142,72,4
142,76,3
142,89,4
142,90,4
142,99,2
142,103,5
142,109,2
142,149,5
142,160,5
142,162,4
142,164,5
142,183,1
142,194,3
142,197,3
142,209,4
142,212,4
142,214,2
142,227,4
142,229,4
142,283,3
142,299,5
142,312,2
142,323,3
142,328,4
142,379,3
142,389,5
142,415,5
142,498,3
142,503,1
142,525,4
142,529,5
142,533,5
142,542,3
142,562,2
142,627,5
142,634,4
142,635,4
142,644,5
142,662,3
142,663,2
142,664,3
142,666,4
142,668,4
142,670,4
142,672,4
142,688,4
142,712,5
294,260,2
294,119,2
294,206,4
294,298,3
294,324,4
294,335,2
294,385,3
294,401,3
294,514,5
294,554,5
164,162,3
164,156,5
164,154,4
164,149,2
164,142,5
164,133,4
164,129,2
164,54,4
164,49,3
164,33,3
164,31,3
164,29,5
164,2,4
164,17,5
164,83,5
164,89,5
164,99,5
164,103,3
164,109,4
164,177,4
164,178,5
164,179,2
164,183,5
164,186,5
164,212,5
164,214,4
164,229,3
164,230,4
164,234,4
164,241,4
164,243,2
164,264,4
164,269,2
164,284,5
164,299,5
164,323,4
164,328,3
164,389,2
164,397,3
164,406,4
164,415,4
164,434,4
164,492,4
164,495,5
164,518,5
164,525,4
164,529,3
164,542,5
164,561,4
164,562,4
164,577,1
164,635,4
164,642,2
164,644,4
164,660,5
164,663,4
164,664,5
164,666,5
164,667,2
164,672,2
164,703,5
164,711,4
164,712,1
119,135,2
119,298,4
119,381,5
119,464,3
119,576,5
119,580,4
660,129,5
660,76,3
96,204,3
96,245,2
96,316,3
96,345,2
637,565,4
637,564,4
637,544,4
637,252,3
637,242,4
637,213,3
637,210,4
637,147,5
637,52,5
637,30,2
637,8,4
637,0,4
637,13,2
637,21,4
637,71,4
637,87,5
637,92,4
637,342,2
637,352,2
637,367,2
637,374,4
637,378,1
637,396,3
637,411,2
637,426,2
637,452,5
637,461,4
637,485,4
637,505,5
637,517,3
637,653,5
637,659,3
197,183,4
197,177,4
197,149,4
197,142,3
197,133,4
197,129,3
197,49,3
197,33,3
197,31,5
197,17,1
197,22,3
197,66,5
197,72,2
197,76,2
197,83,2
197,90,2
197,99,5
197,109,4
197,209,4
197,214,3
197,227,4
197,229,3
197,264,4
197,269,4
197,283,4
197,323,5
197,336,5
197,379,5
197,397,5
197,406,4
197,415,4
197,498,3
197,503,2
197,518,5
197,525,2
197,542,5
197,577,4
197,642,3
197,660,4
197,662,5
197,664,4
197,667,5
197,711,5
145,43,3
145,39,5
145,11,4
145,6,1
145,4,4
145,16,4
145,63,4
145,88,5
145,94,4
145,146,4
145,148,5
145,157,2
145,159,4
145,208,4
145,225,5
145,235,5
145,244,2
145,261,2
145,268,3
145,276,3
145,287,4
145,303,5
145,304,5
145,325,5
145,340,5
145,343,4
145,355,3
145,365,5
145,400,3
145,405,2
145,430,2
145,446,5
145,490,4
145,491,3
145,497,4
145,502,4
145,504,4
145,510,4
145,516,5
145,523,5
145,553,2
145,571,5
145,586,2
145,594,4
145,596,4
145,599,4
145,600,2
145,605,4
145,609,3
145,616,3
145,620,1
145,622,3
145,655,5
145,656,4
145,689,5
145,707,5
147,21,4
147,60,3
147,69,5
147,169,3
147,201,4
147,262,5
147,465,4
147,545,5
147,550,3
147,564,2
147,691,4
147,708,5
293,281,1
293,80,5
293,59,5
293,27,4
293,37,3
293,46,4
293,204,2
293,250,5
293,306,2
293,316,4
293,345,4
293,356,4
293,361,5
293,404,5
293,422,4
293,443,2
293,448,5
293,520,5
293,531,4
293,602,4
293,618,4
293,661,3
293,684,5
293,709,2
36,238,4
36,304,3
36,354,3
36,368,2
36,425,2
36,471,4
36,686,2
36,690,3
36,707,3
577,562,5
577,243,3
577,241,4
577,234,4
577,230,5
577,229,4
577,227,3
577,214,4
577,197,4
577,190,5
577,183,5
577,179,3
577,178,4
577,177,4
577,167,2
577,164,1
577,162,5
577,154,4
577,149,4
577,138,2
577,133,3
577,129,3
577,54,5
577,50,5
577,49,2
577,33,4
577,31,3
577,29,5
577,22,4
577,66,4
577,72,2
577,83,5
577,90,3
577,99,5
577,109,5
577,110,4
577,264,4
577,269,3
577,273,5
577,283,4
577,284,5
577,311,2
577,312,5
577,323,4
577,328,3
577,389,4
577,397,4
577,406,4
577,415,4
577,416,5
577,434,5
577,492,5
577,495,4
577,518,3
577,525,5
577,529,2
577,589,5
577,634,5
577,635,3
577,644,3
577,660,5
577,662,4
577,663,4
577,666,3
577,672,4
577,703,4
577,711,5
577,712,2
154,149,4
154,138,5
154,133,4
154,57,4
154,38,4
154,33,5
154,31,3
154,2,3
154,76,5
154,90,5
154,103,4
154,110,1
154,156,5
154,162,4
154,164,5
154,167,2
154,178,3
154,179,4
154,186,4
154,230,4
154,234,2
154,265,5
154,311,2
154,389,3
154,416,4
154,428,2
154,492,2
154,515,5
154,518,4
154,529,5
154,559,5
154,562,5
154,577,4
154,589,2
154,601,3
154,607,4
154,642,5
154,644,4
154,667,3
154,672,4
159,157,4
159,152,4
159,146,4
159,145,4
159,43,3
159,39,5
159,11,4
159,6,5
159,25,4
159,28,5
159,88,4
159,124,5
159,165,4
159,171,4
159,198,3
159,208,4
159,211,5
159,223,4
159,233,3
159,235,4
159,238,4
159,239,2
159,261,5
159,268,1
159,276,5
159,280,3
159,288,5
159,291,4
159,304,2
159,308,4
159,318,5
159,338,2
159,340,2
159,347,3
159,350,5
159,365,5
159,368,5
159,372,5
159,393,4
159,405,2
159,408,5
159,425,3
159,430,3
159,445,5
159,451,3
159,470,5
159,471,4
159,476,4
159,484,4
159,490,5
159,504,5
159,510,3
159,522,5
159,523,3
159,540,4
159,543,2
159,566,4
159,568,4
159,571,5
159,586,5
159,594,2
159,596,5
159,600,3
159,605,5
159,611,4
159,615,2
159,616,4
159,620,3
159,626,4
159,656,4
159,686,3
159,689,1
159,690,4
159,696,5
159,713,4
165,159,4
165,157,4
165,146,5
165,43,3
165,39,4
165,6,3
165,4,4
165,16,3
165,63,3
165,94,5
165,98,5
165,189,3
165,208,4
165,225,4
165,235,4
165,238,4
165,244,4
165,261,1
165,263,2
165,268,2
165,270,4
165,276,5
165,287,5
165,288,2
165,303,4
165,304,5
165,340,5
165,343,4
165,347,2
165,355,4
165,365,4
165,400,5
165,405,1
165,430,3
165,438,5
165,451,5
165,490,5
165,491,2
165,497,4
165,504,3
165,516,5
165,523,4
165,553,3
165,586,2
165,594,3
165,596,2
165,599,4
165,605,2
165,609,4
165,615,5
165,620,2
165,622,3
165,655,5
165,689,5
165,692,5
165,707,4
165,713,3
168,134,2
168,57,5
168,38,2
168,10,1
168,26,2
168,62,5
168,95,3
168,100,3
168,118,4
168,173,3
168,178,5
168,181,3
168,186,5
168,222,3
168,230,5
168,273,5
168,284,5
168,290,5
168,371,4
168,397,5
168,466,3
168,474,4
168,492,4
168,507,4
168,515,5
168,547,4
168,551,2
168,557,5
168,579,2
168,587,4
168,607,4
168,679,2
168,703,4
168,704,5
168,710,3
65,171,2
65,236,3
65,291,4
65,359,2
65,476,5
65,615,3
65,690,2
606,249,5
606,192,4
606,28,1
606,124,3
606,286,4
606,481,2
606,532,5
72,177,5
613,214,4
613,160,3
613,136,3
613,66,4
613,89,3
613,264,3
613,336,2
613,404,5
613,627,4
613,634,2
613,670,2
613,688,4
178,162,5
178,31,4
178,29,4
178,2,2
178,284,3
178,371,4
178,389,3
178,428,2
178,434,3
178,518,2
178,644,4
180,302,3
183,164,5
183,162,4
183,160,4
183,142,1
183,138,5
183,136,4
183,133,4
183,54,4
183,50,4
183,33,2
183,17,3
183,22,4
183,66,3
183,67,3
183,76,4
183,83,2
183,89,3
183,90,4
183,99,1
183,103,4
183,197,4
183,209,4
183,212,4
183,214,4
183,227,5
183,229,5
183,264,2
183,269,5
183,283,2
183,299,3
183,300,5
183,312,4
183,321,5
183,323,2
183,328,4
183,336,4
183,379,2
183,389,5
183,402,3
183,418,5
183,431,5
183,458,4
183,495,5
183,498,4
183,503,2
183,525,3
183,529,4
183,533,5
183,562,3
183,577,5
183,613,5
183,627,4
183,634,5
183,635,4
183,642,4
183,644,5
183,651,3
183,662,4
183,663,3
183,668,4
183,672,4
183,688,2
183,712,5
188,169,5
188,135,1
188,47,5
188,44,3
188,40,2
188,32,3
188,5,1
188,79,4
188,82,5
188,86,4
188,107,5
188,115,4
188,120,4
188,193,4
188,200,5
188,201,5
188,206,5
188,207,4
188,259,4
188,260,4
188,266,5
188,274,5
188,285,5
188,294,4
188,296,4
188,298,4
188,324,4
188,326,4
188,335,2
188,353,3
188,363,3
188,366,4
188,369,4
188,370,3
188,376,3
188,383,4
188,385,5
188,401,2
188,421,3
188,423,4
188,437,4
188,440,4
188,455,5
188,457,5
188,463,5
188,464,2
188,480,5
188,483,5
188,493,4
188,514,5
188,519,3
188,521,5
188,528,5
188,545,4
188,548,2
188,554,5
188,576,4
188,580,2
188,623,5
188,692,5
188,699,4
188,708,5
194,66,5
202,160,2
202,136,4
202,58,2
202,264,4
202,300,3
202,542,3
202,668,2
361,356,5
361,351,3
361,345,5
361,341,5
361,316,4
361,309,5
361,293,5
361,106,3
361,96,3
361,80,4
361,68,5
361,63,5
361,1,2
361,35,4
361,37,5
361,42,4
361,151,3
361,155,4
361,163,4
361,170,3
361,226,5
361,245,3
361,247,2
361,253,2
361,377,5
361,390,1
361,394,3
361,429,5
361,516,4
361,552,4
361,578,4
361,592,3
361,599,4
361,604,2
361,618,4
361,619,2
361,636,4
361,654,5
361,655,5
361,684,1
363,353,4
363,298,5
363,285,5
363,107,4
363,79,4
363,32,4
363,188,3
363,221,5
363,455,4
363,480,5
363,521,3
363,548,2
623,620,5
623,617,4
623,612,5
623,608,5
623,598,5
623,585,3
623,581,5
623,580,3
623,576,5
623,570,5
623,555,5
623,554,5
623,545,3
623,248,5
623,238,5
623,235,5
623,221,4
623,216,4
623,206,1
623,201,5
623,198,3
623,188,5
623,180,4
623,169,5
623,148,3
623,135,5
623,130,4
623,47,1
623,43,4
623,40,4
623,5,5
623,3,4
623,24,4
623,60,5
623,69,4
623,78,3
623,86,5
623,92,5
623,94,2
623,102,4
623,104,2
623,107,3
623,112,4
623,113,5
623,115,3
623,116,4
623,119,5
623,120,4
623,262,3
623,266,3
623,271,5
623,276,4
623,294,4
623,296,4
623,298,2
623,301,5
623,302,4
623,318,2
623,324,2
623,326,3
623,335,4
623,353,4
623,358,4
623,363,4
623,366,4
623,370,4
623,372,4
623,376,5
623,381,4
623,408,3
623,410,5
623,420,5
623,421,5
623,423,4
623,436,4
623,437,3
623,454,5
623,461,5
623,463,2
623,464,5
623,475,2
623,480,4
623,493,5
623,494,4
623,500,4
623,502,4
623,511,5
623,514,5
623,517,5
623,519,5
623,521,4
623,528,5
623,625,2
623,629,4
623,638,5
623,639,3
623,645,5
623,659,5
623,665,5
623,673,3
623,674,4
623,682,3
623,691,5
623,692,2
623,701,5
623,708,4
365,298,4
365,285,5
365,112,3
365,104,3
365,145,4
365,148,3
365,206,3
365,216,2
365,436,5
365,455,5
365,480,5
365,497,5
365,500,4
365,528,4
365,545,3
365,591,2
365,692,2
367,357,4
367,352,2
367,87,5
367,71,3
367,61,3
367,21,3
367,14,1
367,0,4
367,8,4
367,30,2
367,55,4
367,147,5
367,187,4
367,215,4
367,242,4
367,252,4
367,411,4
367,452,5
367,453,2
367,485,4
367,517,4
367,550,5
367,564,5
367,637,2
367,680,5
368,208,4
368,238,3
369,366,3
369,358,4
369,335,5
369,332,4
369,302,4
369,301,5
369,298,4
369,296,3
369,277,4
369,266,4
369,262,4
369,120,5
369,119,5
369,112,5
369,107,4
369,104,5
369,102,5
369,92,5
369,82,4
369,79,4
369,69,4
369,60,3
369,24,3
369,19,5
369,5,2
369,130,3
369,135,5
369,169,1
369,180,5
369,188,4
369,193,5
369,201,2
369,205,3
369,206,5
369,237,4
369,370,4
369,372,5
369,408,4
369,411,5
369,420,4
369,421,2
369,423,2
369,426,5
369,439,5
369,455,2
369,461,2
369,463,3
369,464,3
369,465,4
369,475,5
369,494,5
369,517,4
369,519,5
369,521,2
369,528,4
369,545,4
369,548,1
369,564,4
369,570,2
369,583,4
369,612,4
369,639,4
369,659,5
369,665,4
369,681,4
369,682,5
369,691,4
369,692,5
369,699,4
369,701,3
369,708,4
370,363,2
370,358,3
370,285,5
370,119,5
370,107,3
370,82,2
370,79,4
370,5,3
370,32,4
370,135,4
370,180,5
370,188,3
370,193,3
370,206,5
370,421,2
370,423,4
370,462,5
370,475,4
370,528,4
371,311,4
371,273,4
371,110,5
371,100,4
371,2,4
371,29,4
371,38,2
371,57,2
371,138,5
371,167,5
371,168,4
371,178,5
371,179,4
371,181,5
371,230,2
371,234,4
371,241,3
371,384,1
371,388,5
371,389,5
371,416,4
371,428,4
371,507,4
371,515,4
371,557,5
371,558,2
371,559,3
371,587,3
371,589,2
371,601,3
371,607,5
371,644,5
371,667,5
371,687,5
371,703,3
371,710,2
374,14,3
374,30,2
374,398,5
374,485,4
374,565,2
374,637,4
376,363,5
376,358,2
376,353,5
376,335,1
376,326,4
376,324,4
376,298,4
376,296,4
376,294,4
376,285,4
376,274,4
376,260,4
376,259,4
376,120,5
376,119,3
376,104,4
376,94,5
376,79,3
376,3,5
376,5,4
376,32,3
376,40,5
376,44,4
376,56,4
376,127,5
376,135,3
376,148,5
376,188,3
376,196,4
376,199,5
376,200,4
376,206,4
376,207,5
376,385,5
376,421,5
376,423,5
376,436,2
376,437,3
376,440,3
376,457,4
376,462,5
376,464,4
376,480,2
376,493,5
376,500,4
376,502,5
376,519,5
376,548,5
376,555,3
376,608,4
376,623,5
376,632,5
376,639,3
376,645,2
376,657,5
376,692,5
377,374,3
377,210,2
377,398,2
377,488,3
377,599,5
378,357,4
378,342,3
378,87,5
378,71,4
378,61,4
378,21,2
378,14,2
378,0,2
378,8,3
378,55,5
378,130,5
378,147,4
378,195,4
378,205,5
378,215,5
378,252,4
378,411,3
378,452,4
378,461,5
378,485,3
378,505,4
378,517,4
378,550,2
378,637,1
381,370,3
381,180,4
381,408,5
383,381,5
383,372,4
383,365,5
383,363,2
383,358,4
383,335,5
383,302,3
383,301,4
383,298,3
383,296,3
383,294,5
383,277,5
383,266,3
383,262,4
383,120,4
383,119,5
383,116,5
383,113,5
383,112,4
383,107,2
383,104,4
383,102,4
383,94,5
383,92,4
383,86,2
383,82,5
383,78,5
383,69,3
383,60,3
383,24,4
383,19,4
383,5,3
383,40,4
383,130,2
383,135,5
383,147,4
383,148,5
383,169,3
383,188,4
383,193,4
383,198,5
383,201,2
383,205,5
383,206,4
383,207,2
383,221,3
383,237,3
383,248,4
383,408,3
383,410,5
383,411,5
383,420,4
383,421,1
383,436,5
383,439,4
383,455,4
383,461,3
383,463,4
383,464,2
383,465,4
383,475,4
383,494,4
383,517,4
383,521,1
383,528,2
383,548,2
383,564,4
383,570,4
383,580,3
383,581,5
383,583,4
383,585,5
383,612,4
383,617,5
383,625,4
383,638,5
383,639,4
383,659,5
383,665,4
383,674,5
383,681,4
383,682,4
383,691,3
383,692,5
383,699,5
383,701,3
383,708,4
384,371,1
384,311,4
384,290,2
384,284,3
384,273,5
384,118,4
384,110,5
384,103,5
384,95,5
384,62,2
384,26,4
384,2,4
384,29,3
384,38,4
384,57,1
384,129,5
384,134,4
384,138,5
384,156,4
384,173,5
384,177,4
384,178,3
384,179,5
384,186,2
384,190,3
384,222,2
384,230,4
384,241,4
384,255,3
384,388,4
384,389,5
384,397,4
384,406,4
384,416,5
384,428,5
384,434,5
384,460,5
384,466,4
384,474,4
384,515,5
384,547,4
384,551,5
384,557,4
384,558,4
384,559,2
384,561,5
384,601,2
384,607,4
384,643,5
384,667,5
384,703,2
384,704,5
385,79,5
385,699,4
388,103,2
388,133,4
388,495,2
388,562,5
388,672,3
389,336,5
389,323,5
389,83,4
389,76,3
389,49,4
389,133,2
389,149,4
389,164,2
389,227,3
389,428,5
389,642,3
389,660,3
390,361,1
390,356,5
390,351,4
390,345,4
390,343,5
390,341,3
390,306,5
390,106,4
390,96,4
390,80,4
390,1,1
390,37,4
390,41,5
390,151,4
390,163,4
390,204,5
390,247,4
390,394,3
390,552,5
390,599,5
390,604,3
390,618,3
390,619,3
390,636,2
390,655,4
390,684,2
390,694,4
390,709,5
392,13,5
393,368,4
393,354,4
393,340,5
393,338,5
393,291,5
393,270,5
393,268,5
393,74,4
393,65,4
393,4,4
393,7,4
393,159,4
393,171,4
393,175,4
393,211,5
393,228,2
393,233,5
393,425,3
393,470,5
393,476,4
393,497,5
393,522,3
393,532,5
393,538,5
393,540,1
393,543,5
393,566,4
393,594,5
393,611,4
393,615,3
393,678,4
393,686,5
393,689,4
393,690,5
393,707,4
394,390,2
394,361,3
394,356,5
394,345,2
394,341,2
394,316,4
394,306,2
394,281,5
394,80,4
394,9,5
394,46,4
394,151,5
394,204,4
394,245,1
394,247,5
394,443,5
394,477,4
394,602,5
394,636,4
394,661,5
394,684,4
394,694,3
394,709,4
396,342,5
357,396,4
357,544,3
357,546,2
357,637,5
357,665,5
49,397,5
398,377,2
398,342,5
398,71,4
398,68,4
398,61,2
398,30,5
398,52,3
398,132,1
398,151,4
398,155,2
398,170,4
398,210,4
398,215,2
398,226,2
398,429,4
398,453,5
398,485,3
398,488,5
398,604,5
398,619,5
398,653,3
398,655,4
398,680,4
398,683,5
400,325,5
400,309,3
400,145,3
400,516,4
400,523,5
400,553,2
400,586,3
400,596,5
401,385,4
401,370,5
401,358,3
401,353,5
401,335,2
401,326,5
401,324,4
401,298,4
401,294,2
401,285,5
401,274,5
401,260,4
401,259,3
401,120,5
401,119,4
401,104,5
401,79,4
401,5,4
401,32,3
401,40,3
401,44,2
401,135,1
401,188,2
401,199,4
401,200,5
401,206,5
401,207,5
401,421,5
401,423,5
401,436,4
401,437,4
401,457,4
401,464,4
401,480,4
401,483,5
401,493,5
401,500,5
401,511,4
401,548,5
401,555,3
401,580,4
401,608,4
401,639,4
402,136,5
404,379,4
404,349,4
404,337,4
404,336,5
404,293,5
404,109,5
404,73,5
404,67,4
404,66,3
404,27,2
404,37,5
404,41,4
404,46,4
404,48,1
404,58,4
404,136,4
404,139,4
404,140,2
404,163,4
404,194,5
404,202,4
404,204,5
404,250,4
404,418,2
404,431,3
404,432,4
404,458,2
404,482,5
404,520,3
404,531,4
404,602,2
404,621,3
404,651,5
404,668,5
404,694,4
404,709,4
405,400,4
405,365,4
405,355,4
405,343,5
405,340,4
405,338,4
405,308,2
405,304,4
405,303,4
405,288,4
405,287,4
405,280,5
405,276,3
405,268,1
405,263,4
405,261,2
405,113,5
405,98,3
405,94,5
405,88,5
405,64,4
405,63,4
405,16,4
405,4,3
405,6,3
405,39,4
405,43,2
405,145,3
405,146,4
405,157,3
405,159,2
405,165,1
405,189,4
405,200,5
405,208,5
405,211,5
405,223,5
405,228,4
405,233,5
405,235,5
405,238,3
405,239,5
405,244,3
405,425,5
405,430,2
405,445,4
405,451,4
405,490,5
405,491,4
405,497,3
405,504,5
405,510,2
405,513,4
405,543,3
405,553,4
405,571,4
405,586,3
405,591,5
405,594,2
405,596,3
405,599,5
405,600,3
405,605,3
405,609,5
405,615,4
405,616,2
405,656,2
405,686,5
405,689,4
405,692,5
405,707,4
406,186,5
269,406,5
408,198,5
410,455,3
411,396,3
411,392,5
411,383,5
411,378,3
411,374,5
411,369,5
411,367,4
411,357,5
411,352,2
411,342,4
411,266,5
411,262,4
411,115,5
411,107,4
411,87,3
411,86,5
411,69,3
411,60,4
411,21,4
411,14,4
411,13,3
411,0,3
411,8,3
411,30,4
411,55,3
411,130,2
411,147,2
411,169,4
411,195,4
411,205,3
411,213,2
411,237,4
411,242,5
411,248,5
411,252,3
411,419,4
411,420,2
411,426,2
411,453,5
411,461,3
411,463,5
411,475,4
411,494,4
411,505,4
411,517,1
411,521,4
411,544,2
411,546,3
411,550,1
411,564,2
411,565,5
411,570,5
411,585,5
411,617,5
411,637,2
411,659,2
411,665,4
411,691,3
411,701,3
199,519,4
415,406,5
415,162,3
416,234,3
417,155,3
418,41,5
66,418,5
607,29,3
419,8,3
277,419,4
277,691,5
420,419,5
420,411,3
420,408,5
420,396,5
420,383,4
420,372,5
420,370,5
420,369,4
420,363,5
420,357,5
420,332,4
420,318,4
420,271,4
420,262,3
420,257,4
420,120,5
420,115,4
420,107,2
420,87,4
420,86,4
420,69,1
420,21,5
420,19,4
420,47,4
420,55,4
420,130,2
420,147,4
420,169,4
420,180,5
420,205,3
420,207,5
420,237,5
420,248,5
420,252,4
420,421,5
420,426,3
420,455,3
420,461,5
420,465,4
420,475,3
420,494,2
420,521,3
420,528,3
420,544,4
420,546,4
420,548,5
420,550,3
420,564,5
420,570,4
420,583,5
420,585,4
420,623,5
420,638,4
420,659,3
420,665,2
420,674,5
420,681,4
420,701,2
421,420,5
421,410,3
421,408,3
421,401,5
421,383,1
421,381,4
421,376,5
421,372,5
421,370,2
421,369,3
421,366,2
421,365,4
421,363,4
421,358,2
421,335,4
421,324,4
421,318,5
421,302,4
421,301,5
421,298,2
421,296,2
421,277,4
421,266,2
421,262,4
421,119,4
421,115,2
421,107,3
421,104,4
421,102,4
421,92,5
421,86,4
421,82,5
421,79,3
421,78,5
421,69,4
421,60,4
421,24,4
421,19,4
421,3,5
421,5,2
421,32,4
421,40,3
421,44,5
421,47,4
421,56,5
421,130,4
421,135,4
421,147,5
421,148,5
421,169,3
421,188,3
421,193,5
421,198,5
421,200,5
421,201,3
421,205,4
421,221,4
421,237,5
421,423,3
421,436,4
421,439,5
421,455,3
421,461,4
421,463,4
421,464,1
421,465,5
421,475,4
421,493,4
421,494,4
421,500,4
421,502,5
421,517,5
421,519,5
421,521,2
421,528,3
421,545,2
421,554,4
421,555,3
421,564,5
421,570,3
421,576,5
421,583,5
421,585,5
421,612,5
421,617,5
421,625,5
421,629,5
421,639,3
421,645,5
421,659,5
421,665,5
421,673,5
421,674,5
421,681,5
421,682,4
421,691,4
421,692,4
421,699,4
421,708,4
422,37,5
422,602,3
423,408,5
425,405,5
425,393,2
425,368,5
425,354,5
425,350,4
425,347,5
425,304,5
425,291,4
425,286,4
425,280,5
425,270,4
425,268,4
425,124,4
425,88,5
425,74,3
425,65,2
425,4,2
425,36,2
425,43,5
425,152,5
425,159,3
425,171,3
425,182,4
425,198,5
425,211,4
425,228,2
425,233,4
425,236,5
425,430,4
425,438,3
425,451,5
425,470,4
425,471,5
425,476,3
425,481,4
425,484,4
425,497,4
425,510,5
425,522,2
425,532,4
425,543,5
425,556,4
425,566,4
425,568,4
425,594,4
425,600,5
425,609,5
425,611,4
425,615,1
425,620,5
425,626,1
425,686,4
425,689,3
425,690,2
425,707,3
425,713,4
426,411,2
426,392,2
426,301,5
426,92,3
426,78,5
426,60,4
426,130,3
426,169,4
426,237,5
426,461,3
426,659,4
426,682,5
426,691,4
428,416,3
428,415,4
428,406,3
428,397,2
428,389,5
428,388,2
428,384,4
428,371,4
428,328,5
428,311,3
428,290,5
428,284,3
428,269,5
428,265,4
428,110,1
428,100,5
428,72,4
428,62,4
428,2,4
428,29,3
428,31,3
428,33,5
428,38,5
428,49,3
428,129,4
428,133,5
428,138,4
428,154,2
428,156,5
428,167,3
428,177,2
428,178,2
428,179,5
428,186,4
428,222,5
428,227,4
428,230,2
428,234,3
428,241,4
428,243,3
428,255,5
428,434,5
428,492,4
428,498,4
428,515,5
428,518,5
428,547,4
428,558,4
428,561,4
428,577,5
428,579,5
428,587,4
428,589,2
428,635,5
428,666,5
428,672,4
428,710,5
428,712,4
429,417,5
429,377,3
429,374,5
429,343,3
429,309,2
429,261,5
429,121,4
429,106,2
429,68,4
429,63,4
429,42,2
429,52,4
429,151,4
429,155,4
429,170,2
429,210,4
429,242,5
429,244,5
429,491,4
429,504,5
429,516,1
429,552,4
429,578,5
429,596,5
429,599,2
429,622,4
429,683,4
429,693,5
430,425,4
430,408,4
430,405,2
430,368,5
430,365,4
430,350,5
430,347,4
430,340,2
430,338,4
430,320,4
430,308,4
430,304,3
430,292,5
430,288,4
430,280,4
430,276,4
430,263,3
430,261,4
430,120,5
430,88,5
430,74,5
430,63,5
430,25,5
430,16,5
430,6,4
430,39,4
430,43,2
430,145,2
430,146,3
430,152,5
430,157,3
430,159,2
430,165,3
430,171,5
430,175,5
430,206,5
430,211,4
430,223,5
430,225,5
430,228,5
430,235,4
430,239,4
430,244,4
430,445,4
430,471,5
430,490,4
430,491,5
430,497,1
430,510,2
430,523,4
430,532,5
430,540,5
430,543,4
430,553,5
430,554,5
430,568,4
430,571,5
430,586,4
430,591,5
430,596,4
430,600,4
430,605,4
430,615,4
430,616,3
430,620,1
430,622,5
430,629,5
430,656,4
430,678,5
430,689,3
430,690,5
430,692,4
430,696,5
430,708,5
136,431,5
432,163,5
434,397,5
434,389,3
436,423,4
436,421,4
436,408,5
436,401,5
436,383,5
436,381,4
436,376,2
436,370,4
436,369,5
436,366,5
436,365,4
436,363,5
436,358,3
436,353,5
436,326,2
436,324,3
436,318,5
436,298,2
436,294,4
436,276,5
436,274,4
436,266,5
436,260,4
436,259,5
436,119,4
436,115,5
436,104,2
436,94,4
436,86,5
436,79,2
436,5,4
436,32,3
436,40,5
436,44,3
436,47,5
436,51,3
436,56,4
436,127,4
436,131,4
436,135,5
436,148,4
436,196,5
436,199,5
436,200,3
436,206,3
436,207,4
436,437,4
436,440,4
436,457,5
436,462,4
436,463,5
436,464,3
436,480,2
436,483,5
436,493,4
436,502,4
436,514,2
436,519,4
436,548,4
436,554,4
436,555,3
436,576,1
436,580,5
436,591,4
436,608,4
436,612,5
436,623,4
436,625,5
436,632,5
436,639,1
436,645,2
436,692,4
436,699,5
436,708,5
437,376,3
437,363,4
437,335,3
437,296,3
437,113,5
437,3,5
437,135,4
437,457,3
437,519,2
437,555,2
437,576,3
437,591,4
437,623,3
437,639,2
437,692,4
438,365,5
438,350,2
438,338,4
438,304,2
438,280,3
438,276,4
438,175,4
438,471,3
438,484,3
438,513,5
438,540,5
438,594,3
438,678,4
438,689,2
438,690,3
171,438,4
171,471,2
171,566,5
171,615,4
171,689,3
439,426,3
439,383,5
439,301,2
439,262,4
439,115,4
439,107,3
439,86,5
439,69,3
439,130,4
439,475,3
439,545,5
439,665,2
257,439,3
440,112,4
440,555,3
443,431,4
443,422,4
443,418,3
443,404,5
443,394,5
443,349,2
443,345,4
443,341,5
443,337,1
443,293,2
443,96,4
443,73,5
443,66,5
443,59,5
443,27,4
443,35,4
443,37,4
443,41,2
443,46,4
443,140,3
443,163,4
443,202,5
443,204,2
443,250,4
443,458,4
443,477,4
443,520,5
443,602,3
443,618,4
443,627,4
443,661,4
443,709,2
445,355,4
445,600,5
446,16,3
448,432,3
448,422,5
448,418,2
448,379,5
448,349,2
448,345,4
448,337,2
448,293,4
448,73,4
448,66,4
448,27,4
448,35,5
448,37,4
448,41,4
448,46,2
448,48,3
448,58,5
448,136,4
448,139,5
448,140,1
448,163,3
448,202,4
448,204,4
448,250,4
448,458,3
448,477,5
448,531,3
448,533,5
448,602,4
448,613,5
448,618,5
448,627,4
448,661,2
448,694,4
449,334,2
449,100,4
449,62,5
449,474,2
449,547,3
451,446,4
451,510,3
452,0,3
452,485,5
453,452,5
453,419,5
453,396,5
453,377,4
453,374,4
453,367,3
453,342,3
453,71,2
453,68,4
453,61,4
453,13,4
453,30,3
453,42,4
453,52,2
453,132,4
453,155,5
453,195,4
453,215,4
453,226,5
453,242,2
453,252,5
453,485,2
453,488,5
453,565,1
453,637,5
453,653,2
454,200,3
455,423,4
455,421,3
455,420,3
455,408,5
455,369,3
455,353,4
455,301,4
455,296,5
455,277,3
455,266,3
455,5,4
455,47,5
455,200,5
455,237,2
455,463,4
455,502,5
455,521,2
455,548,3
455,583,2
455,665,4
457,410,4
457,296,3
458,349,5
379,458,5
460,38,5
460,230,3
461,455,4
461,439,5
461,426,3
461,423,4
461,421,4
461,420,4
461,419,4
461,411,3
461,408,5
461,396,5
461,383,3
461,378,5
461,372,5
461,369,2
461,366,3
461,352,4
461,332,2
461,302,4
461,301,5
461,296,5
461,277,5
461,266,3
461,262,3
461,115,4
461,102,5
461,92,4
461,60,3
461,24,4
461,21,4
461,19,4
461,13,5
461,0,5
461,5,5
461,47,5
461,147,4
461,169,1
461,180,5
461,205,2
461,207,4
461,213,5
461,221,4
461,463,4
461,464,5
461,465,2
461,517,2
461,521,2
461,528,5
461,544,4
461,548,4
461,550,4
461,564,1
461,570,3
461,583,4
461,623,5
461,659,4
461,665,4
461,681,5
461,682,5
461,691,4
462,437,3
462,324,4
462,285,2
462,3,2
462,51,2
462,483,3
462,514,3
462,576,4
462,580,5
463,372,5
366,463,5
464,463,4
464,461,5
464,457,5
464,454,5
464,440,5
464,437,4
464,436,3
464,423,2
464,421,1
464,410,4
464,408,4
464,401,4
464,383,2
464,381,5
464,376,4
464,370,4
464,369,3
464,366,3
464,365,5
464,363,3
464,358,1
464,353,2
464,335,2
464,326,5
464,318,5
464,302,5
464,296,4
464,294,3
464,277,5
464,266,3
464,262,5
464,260,4
464,120,2
464,119,3
464,115,3
464,113,5
464,107,4
464,102,4
464,86,3
464,82,4
464,78,5
464,69,5
464,60,5
464,24,5
464,19,5
464,3,5
464,40,2
464,44,4
464,47,4
464,51,4
464,56,4
464,127,5
464,130,5
464,135,3
464,169,4
464,188,2
464,193,5
464,200,4
464,201,4
464,205,5
464,207,2
464,237,4
464,475,4
464,493,5
464,494,5
464,500,4
464,502,4
464,514,4
464,519,4
464,521,4
464,528,4
464,545,3
464,548,3
464,570,5
464,576,4
464,580,2
464,585,5
464,591,5
464,598,5
464,612,3
464,623,4
464,625,5
464,639,2
464,682,4
464,691,5
464,692,4
464,699,4
464,708,4
466,384,4
466,290,2
466,134,2
466,168,3
466,255,5
466,559,3
466,579,5
466,710,3
181,466,3
470,438,3
470,513,4
471,438,3
471,430,5
471,425,4
471,368,4
471,359,4
471,354,3
471,344,4
471,340,2
471,338,5
471,304,3
471,292,5
471,291,4
471,280,1
471,268,5
471,267,5
471,74,4
471,4,4
471,7,4
471,36,4
471,159,4
471,171,2
471,175,4
471,182,5
471,198,5
471,228,5
471,233,4
471,236,4
471,239,2
471,484,4
471,497,4
471,522,5
471,540,5
471,543,4
471,594,5
471,609,5
471,611,2
471,615,4
471,678,3
471,686,2
471,689,3
471,707,5
471,713,5
472,286,5
472,15,1
472,247,4
472,249,4
472,549,2
472,552,2
472,556,5
472,654,1
472,684,5
474,100,3
475,465,5
475,464,4
475,455,4
475,439,3
475,437,5
475,421,4
475,420,3
475,411,4
475,410,4
475,408,3
475,383,5
475,372,2
475,370,5
475,369,5
475,363,4
475,358,5
475,326,5
475,324,4
475,318,2
475,302,3
475,301,2
475,298,4
475,296,5
475,271,4
475,257,3
475,120,3
475,116,5
475,115,2
475,113,5
475,104,5
475,102,5
475,94,4
475,92,4
475,86,3
475,82,5
475,69,3
475,60,4
475,19,4
475,5,5
475,47,1
475,148,5
475,180,4
475,198,4
475,201,4
475,205,5
475,206,4
475,207,3
475,216,5
475,221,5
475,235,5
475,237,4
475,248,5
475,494,1
475,497,5
475,517,4
475,521,5
475,528,4
475,545,2
475,548,5
475,550,5
475,555,5
475,564,5
475,570,4
475,580,4
475,581,3
475,591,3
475,609,4
475,617,2
475,623,2
475,625,4
475,638,3
475,639,5
475,659,3
475,665,5
475,673,4
475,674,2
475,681,4
475,682,2
475,691,3
475,692,3
475,701,5
476,74,3
477,443,4
477,390,5
477,281,3
477,35,2
477,204,2
477,618,4
356,477,3
480,457,2
480,436,2
480,401,4
480,376,3
480,296,4
480,294,2
480,259,3
480,94,4
480,40,3
480,200,4
480,206,3
480,598,5
480,629,5
481,292,3
481,286,1
481,124,2
481,28,1
481,15,5
481,192,5
481,249,2
481,522,4
481,549,4
481,556,4
481,606,2
481,615,5
482,418,5
482,613,3
483,437,3
483,113,4
484,146,4
485,215,5
342,485,5
488,374,3
488,215,5
491,446,4
491,430,5
491,429,4
491,417,4
491,405,4
491,400,4
491,355,5
491,347,4
491,343,2
491,308,3
491,288,4
491,287,4
491,276,5
491,272,5
491,268,5
491,263,3
491,261,1
491,98,5
491,25,4
491,6,2
491,43,5
491,145,3
491,151,4
491,152,4
491,157,3
491,165,2
491,170,4
491,189,4
491,504,2
491,516,3
491,594,5
491,596,2
491,599,2
491,604,4
491,605,4
491,616,4
491,619,4
491,620,4
491,622,2
491,647,3
491,655,3
491,680,4
491,713,5
492,38,5
177,492,5
493,423,5
493,24,4
494,475,1
494,465,4
494,464,5
494,463,4
494,455,3
494,439,4
494,421,4
494,420,3
494,411,4
494,383,4
494,372,3
494,370,4
494,369,5
494,363,5
494,332,5
494,324,5
494,318,3
494,302,4
494,301,1
494,298,5
494,277,5
494,271,4
494,257,5
494,120,4
494,116,4
494,115,3
494,107,2
494,94,5
494,92,3
494,87,5
494,86,5
494,78,4
494,60,4
494,24,5
494,21,5
494,19,2
494,47,2
494,130,5
494,147,5
494,169,5
494,180,5
494,198,5
494,200,5
494,205,4
494,206,5
494,207,4
494,221,4
494,237,4
494,248,5
494,521,5
494,528,2
494,544,5
494,545,3
494,548,5
494,550,4
494,570,4
494,580,5
494,581,2
494,585,2
494,591,4
494,609,4
494,623,4
494,638,2
494,659,2
494,665,3
494,673,5
494,691,4
494,701,4
494,708,3
495,133,3
495,177,5
497,484,5
497,476,5
497,475,5
497,471,4
497,445,4
497,438,4
497,430,1
497,425,4
497,408,4
497,405,3
497,393,5
497,372,4
497,368,4
497,354,5
497,350,4
497,347,4
497,340,1
497,338,4
497,318,4
497,308,4
497,292,4
497,291,5
497,288,3
497,280,2
497,276,3
497,270,5
497,268,2
497,263,4
497,261,5
497,113,4
497,94,5
497,88,3
497,78,5
497,74,4
497,25,5
497,6,5
497,11,5
497,43,4
497,47,5
497,51,5
497,145,4
497,146,4
497,152,5
497,165,4
497,175,4
497,198,2
497,223,5
497,233,3
497,235,4
497,238,2
497,239,3
497,244,5
497,510,3
497,513,5
497,522,5
497,523,4
497,566,4
497,568,5
497,585,4
497,586,5
497,594,4
497,596,5
497,600,4
497,605,5
497,609,3
497,611,3
497,616,4
497,620,2
497,626,4
497,656,4
497,689,2
497,690,4
497,713,2
498,149,5
283,498,5
500,483,4
500,480,4
500,464,4
500,463,5
500,457,4
500,454,3
500,440,5
500,437,3
500,423,5
500,421,4
500,408,4
500,401,5
500,383,5
500,381,4
500,376,5
500,372,5
500,370,5
500,365,4
500,353,5
500,335,5
500,326,4
500,324,5
500,318,5
500,298,3
500,294,4
500,285,2
500,276,4
500,274,5
500,266,5
500,120,4
500,119,4
500,115,5
500,112,5
500,104,1
500,94,3
500,79,3
500,5,5
500,32,4
500,40,5
500,44,4
500,47,5
500,51,4
500,56,5
500,127,2
500,131,5
500,148,2
500,196,4
500,199,5
500,200,3
500,206,2
500,207,4
500,502,3
500,511,2
500,514,1
500,519,4
500,526,4
500,545,5
500,548,5
500,554,4
500,555,5
500,576,2
500,591,4
500,598,2
500,612,5
500,623,4
500,625,5
500,629,4
500,632,4
500,639,3
500,645,3
500,657,5
502,500,3
502,120,3
502,112,2
502,104,3
502,94,2
502,86,5
502,3,3
502,200,2
502,511,5
502,514,4
502,545,4
502,554,3
502,576,5
502,608,5
502,639,4
503,498,3
503,495,5
503,402,5
503,389,4
503,379,4
503,328,4
503,323,4
503,312,1
503,299,4
503,269,4
503,264,3
503,109,3
503,99,4
503,89,5
503,83,2
503,76,2
503,72,3
503,67,5
503,66,5
503,22,2
503,33,4
503,49,4
503,54,2
503,129,5
503,133,4
503,138,5
503,142,1
503,149,5
503,162,4
503,177,5
503,183,2
503,197,2
503,209,4
503,212,5
503,227,4
503,229,4
503,525,2
503,634,5
503,635,4
503,644,5
503,651,5
503,662,5
503,663,3
503,664,4
503,670,4
503,672,5
503,688,5
503,711,4
503,712,5
504,338,5
504,320,5
504,308,5
504,276,5
504,6,2
504,586,4
504,599,4
504,600,4
504,616,3
504,620,3
504,647,5
505,357,3
505,342,5
507,290,3
510,497,3
510,490,2
510,446,5
510,430,3
510,405,2
510,340,4
510,304,5
510,288,2
510,270,5
510,124,5
510,159,3
510,235,3
510,522,5
510,596,3
510,600,4
510,605,4
511,454,5
511,326,4
511,274,3
511,259,2
511,119,3
511,104,3
511,40,4
511,148,4
511,576,2
511,645,2
514,511,4
514,502,4
514,500,1
514,483,4
514,480,3
514,464,4
514,462,2
514,457,4
514,454,4
514,440,5
514,437,5
514,436,3
514,423,5
514,421,5
514,408,5
514,381,5
514,376,5
514,365,5
514,358,4
514,326,3
514,324,4
514,298,4
514,294,5
514,285,4
514,276,5
514,259,4
514,120,5
514,119,5
514,104,2
514,94,4
514,79,4
514,3,2
514,5,5
514,32,5
514,44,4
514,51,4
514,56,4
514,127,3
514,131,4
514,148,3
514,188,5
514,206,4
514,207,5
514,526,5
514,554,5
514,580,5
514,591,5
514,608,2
514,623,5
514,632,5
514,639,3
514,645,4
514,657,3
516,504,4
516,491,3
516,485,5
516,429,1
516,400,5
516,398,5
516,390,4
516,377,4
516,361,4
516,308,5
516,272,4
516,263,5
516,261,4
516,121,5
516,63,2
516,61,4
516,6,4
516,42,4
516,52,5
516,145,5
516,155,3
516,157,5
516,165,5
516,170,4
516,210,4
516,215,3
516,226,3
516,242,5
516,244,4
516,253,4
516,578,3
516,592,4
516,596,4
516,599,1
516,604,2
516,619,2
516,622,3
516,655,2
516,656,5
516,680,2
516,683,5
516,684,4
517,475,4
517,463,4
517,461,2
517,455,3
517,439,4
517,426,4
517,423,5
517,421,5
517,419,4
517,411,1
517,396,4
517,383,4
517,378,4
517,372,5
517,370,5
517,369,4
517,363,5
517,352,3
517,332,2
517,318,5
517,302,4
517,271,4
517,262,3
517,257,5
517,115,4
517,107,3
517,92,3
517,69,2
517,21,3
517,19,5
517,13,4
517,0,4
517,8,5
517,47,4
517,130,1
517,147,4
517,169,3
517,201,4
517,205,2
517,207,5
517,213,4
517,221,5
517,237,3
517,248,4
517,521,2
517,544,3
517,546,4
517,548,5
517,550,2
517,570,4
517,583,4
517,585,5
517,638,4
517,659,4
517,674,5
517,681,5
518,644,3
519,363,3
519,221,4
520,458,4
520,448,5
520,431,4
520,89,4
520,613,2
520,621,2
520,627,3
520,668,3
521,517,2
521,494,4
521,465,3
521,464,4
521,463,2
521,461,3
521,455,2
521,439,4
521,423,3
521,421,2
521,420,3
521,419,5
521,411,4
521,410,4
521,408,4
521,383,1
521,372,4
521,370,3
521,369,2
521,363,3
521,358,5
521,353,4
521,332,3
521,302,2
521,301,4
521,298,4
521,296,4
521,277,5
521,262,4
521,257,5
521,115,2
521,102,5
521,94,5
521,92,3
521,82,4
521,79,5
521,78,4
521,69,2
521,60,2
521,24,4
521,19,4
521,5,4
521,40,5
521,130,1
521,147,5
521,188,5
521,198,5
521,205,3
521,206,4
521,207,3
521,216,4
521,221,5
521,237,4
521,248,3
521,544,5
521,545,4
521,548,3
521,550,5
521,555,5
521,564,3
521,570,2
521,581,5
521,583,5
521,591,5
521,612,5
521,617,5
521,623,4
521,625,5
521,638,5
521,639,5
521,659,4
521,665,3
521,673,5
521,674,5
521,681,4
521,682,4
521,691,2
521,701,4
521,708,5
522,425,3
522,393,3
522,291,2
522,43,5
522,211,2
522,228,2
522,239,4
522,249,3
522,543,3
522,566,3
522,626,3
522,713,4
192,522,3
523,510,2
523,504,4
523,438,5
523,430,4
523,347,2
523,340,5
523,304,5
523,268,3
523,124,5
523,4,3
523,39,2
523,146,3
523,157,3
523,159,3
523,689,4
513,523,3
525,503,2
525,283,3
525,22,4
525,183,3
525,613,5
525,642,5
525,663,4
526,285,3
528,502,5
528,464,4
528,463,3
528,455,2
528,439,4
528,423,4
528,421,3
528,408,4
528,383,3
528,369,4
528,318,5
528,301,3
528,296,5
528,262,4
528,107,2
528,24,3
528,5,5
528,147,4
528,205,3
528,207,3
528,580,5
528,581,4
528,681,2
529,525,4
529,323,3
529,299,2
529,99,4
529,214,3
529,634,3
529,666,2
531,520,2
531,443,5
531,432,4
531,431,3
531,418,4
531,48,2
531,533,3
531,668,4
532,338,3
533,531,2
533,520,4
533,482,4
533,458,2
533,432,3
533,431,4
533,418,4
533,402,4
533,379,3
533,349,4
533,337,5
533,283,5
533,109,4
533,89,5
533,67,4
533,66,2
533,33,5
533,41,5
533,46,5
533,48,2
533,58,4
533,139,5
533,140,4
533,142,5
533,160,4
533,163,5
533,183,5
533,194,4
533,202,4
533,250,2
533,537,5
533,542,5
533,602,4
533,613,3
533,621,1
533,627,3
533,651,4
533,661,4
533,670,3
533,709,4
537,458,5
537,336,3
538,532,4
538,686,3
540,532,4
540,523,5
540,522,4
540,513,5
540,497,5
540,481,2
540,476,4
540,471,5
540,470,5
540,451,5
540,438,5
540,430,5
540,405,5
540,393,1
540,368,4
540,347,5
540,338,4
540,304,5
540,291,3
540,286,3
540,270,4
540,268,4
540,124,2
540,65,3
540,4,3
540,7,2
540,36,4
540,152,5
540,159,4
540,171,4
540,182,5
540,211,4
540,228,1
540,233,4
540,236,5
540,239,5
540,249,4
540,556,3
540,566,5
540,568,4
540,594,4
540,600,5
540,611,4
540,615,3
540,626,2
540,686,4
540,690,5
540,707,2
540,713,5
553,244,4
553,189,4
553,165,3
553,157,3
553,152,5
553,145,2
553,43,5
553,39,5
553,6,1
553,16,4
553,64,4
553,261,2
553,268,5
553,276,5
553,287,5
553,308,4
553,343,4
553,347,4
553,355,4
553,400,2
553,405,4
553,430,5
553,446,5
553,599,4
553,600,4
553,605,5
553,616,3
553,620,4
553,696,5
515,558,3
559,558,5
559,557,4
559,547,2
559,255,2
559,241,5
559,230,5
559,222,2
559,186,4
559,178,4
559,177,5
559,173,4
559,154,5
559,134,3
559,38,2
559,31,4
559,10,2
559,2,5
559,26,4
559,62,3
559,95,4
559,100,4
559,118,2
559,284,4
559,290,3
559,371,3
559,384,3
559,388,5
559,397,4
559,416,4
559,449,5
559,460,5
559,466,3
559,474,5
559,492,3
559,507,3
559,515,4
559,587,4
559,601,5
559,607,5
559,643,4
559,679,4
559,703,4
559,710,1
561,311,3
561,492,5
564,550,3
564,548,5
564,544,3
564,248,4
564,237,3
564,213,4
564,201,3
564,169,2
564,147,2
564,130,2
564,47,5
564,30,5
564,0,4
564,13,5
564,19,5
564,24,5
564,92,4
564,107,4
564,115,4
564,262,4
564,266,4
564,271,5
564,302,5
564,342,5
564,352,4
564,353,5
564,363,5
564,369,4
564,378,4
564,383,4
564,411,2
564,419,3
564,421,5
564,423,5
564,426,2
564,439,4
564,461,1
564,463,5
564,465,3
564,475,5
564,505,4
564,521,3
564,583,5
564,659,3
564,665,4
564,681,4
564,691,2
564,701,4
594,586,5
594,571,4
594,568,4
594,553,5
594,543,2
594,244,4
594,239,4
594,238,3
594,235,4
594,233,4
594,228,3
594,225,3
594,220,4
594,208,4
594,198,4
594,189,5
594,171,5
594,165,3
594,159,2
594,152,2
594,146,5
594,145,4
594,43,4
594,39,4
594,7,5
594,6,4
594,4,1
594,25,3
594,28,4
594,63,5
594,65,5
594,88,5
594,98,4
594,261,4
594,263,5
594,276,4
594,280,4
594,288,5
594,291,3
594,303,5
594,304,5
594,308,2
594,325,2
594,338,2
594,340,4
594,347,1
594,350,5
594,355,5
594,365,5
594,372,5
594,393,5
594,405,3
594,425,4
594,430,5
594,438,3
594,451,4
594,471,5
594,476,5
594,490,4
594,491,5
594,497,5
594,504,5
594,510,3
594,523,4
594,540,4
594,596,4
594,600,2
594,615,2
594,616,4
594,622,5
594,626,5
594,656,3
594,686,4
594,689,3
594,690,5
594,707,2
594,713,4
602,140,2
602,281,5
602,349,4
602,404,3
602,432,3
602,531,2
602,533,4
220,605,3
608,555,4
608,148,3
608,127,4
608,40,5
608,294,3
608,440,2
608,511,2
608,514,2
608,632,3
67,627,5
41,618,5
218,619,3
622,620,4
622,616,4
622,571,5
622,165,3
622,145,3
622,6,3
622,288,5
622,325,5
622,400,2
622,491,2
622,516,3
622,655,4
189,622,3
625,623,3
625,216,3
625,207,4
625,206,3
625,198,4
625,180,2
625,94,3
625,104,4
625,302,4
625,318,2
625,326,5
625,372,4
625,430,5
625,437,5
625,438,5
625,528,3
625,639,5
625,701,5
625,708,2
626,615,2
626,611,3
626,594,5
626,568,5
626,566,4
626,556,4
626,543,4
626,249,5
626,239,3
626,238,5
626,233,5
626,228,3
626,211,5
626,182,5
626,171,4
626,159,4
626,36,4
626,7,2
626,4,4
626,65,4
626,77,2
626,124,4
626,267,3
626,268,5
626,270,5
626,286,4
626,291,3
626,292,4
626,340,4
626,354,5
626,359,4
626,368,4
626,425,1
626,430,5
626,438,5
626,470,4
626,471,5
626,476,4
626,484,4
626,497,4
626,522,3
626,538,4
626,540,2
626,678,4
626,686,3
626,689,3
626,707,4
626,713,5
632,554,4
632,294,3
634,214,3
634,498,5
212,635,5
638,585,3
638,581,2
638,545,5
638,47,4
638,69,4
638,115,5
638,439,2
638,475,3
638,494,3
638,708,5
642,635,2
642,634,4
642,562,3
642,542,5
642,243,4
642,241,5
642,234,5
642,229,3
642,227,4
642,214,4
642,209,4
642,197,3
642,183,5
642,179,4
642,178,4
642,177,4
642,167,4
642,164,2
642,162,3
642,154,5
642,149,3
642,142,5
642,133,4
642,129,4
642,54,4
642,50,5
642,49,4
642,33,4
642,31,4
642,2,4
642,17,3
642,66,3
642,72,2
642,76,5
642,89,4
642,90,1
642,99,4
642,109,2
642,110,5
642,264,3
642,265,5
642,269,3
642,273,5
642,283,4
642,299,5
642,311,4
642,312,4
642,323,3
642,328,2
642,379,4
642,388,5
642,389,2
642,397,5
642,415,3
642,495,5
642,498,3
642,525,5
642,644,3
642,651,4
642,660,4
642,662,5
642,663,3
642,666,2
642,672,2
642,688,4
642,711,4
642,712,3
654,592,3
654,578,5
654,572,4
654,552,1
654,549,4
654,249,5
654,247,2
654,15,2
654,361,5
654,472,1
654,684,4
655,244,5
655,42,2
655,9,5
655,63,3
655,68,3
655,361,4
655,491,3
655,516,2
655,683,3
225,656,3
465,659,5
321,662,4
663,72,5
664,663,3
664,635,4
664,142,3
664,54,4
664,22,4
664,90,5
664,283,4
664,312,2
664,498,5

